poligono_id,metrica,anio_proyeccion,valor_pred,ci_inferior,ci_superior,modelo,r2,confianza,n_obs
23_de_septiembre,poblacion,2027,2534.405,2232.553,2836.256,lineal,0.8944,alta,8
23_de_septiembre,poblacion,2030,2834.012,2459.189,3208.835,lineal,0.8944,alta,8
23_de_septiembre,poblacion,2035,3333.357,2813.919,3852.795,lineal,0.8944,alta,8
a4_nueva_esperanza,poblacion,2027,4898.702,4190.226,5607.179,lineal,0.7974,media,8
a4_nueva_esperanza,poblacion,2030,5378.131,4498.382,6257.879,lineal,0.7974,media,8
a4_nueva_esperanza,poblacion,2035,6177.179,4958.004,7396.353,lineal,0.7974,media,8
a_3_2_sector_b,poblacion,2027,1572.845,1293.49,1852.2,lineal,0.8719,alta,8
a_3_2_sector_b,poblacion,2030,1821.488,1474.6,2168.376,lineal,0.8719,alta,8
a_3_2_sector_b,poblacion,2035,2235.893,1755.167,2716.618,lineal,0.8719,alta,8
aguas_corrientes,poblacion,2027,26377.631,23883.003,28872.259,lineal,0.8747,alta,8
aguas_corrientes,poblacion,2030,28626.202,25528.506,31723.899,lineal,0.8747,alta,8
aguas_corrientes,poblacion,2035,32373.821,28080.966,36666.677,lineal,0.8747,alta,8
alta_gracia,poblacion,2027,2137.155,1874.519,2399.79,lineal,0.9425,alta,8
alta_gracia,poblacion,2030,2499.762,2173.635,2825.889,lineal,0.9425,alta,8
alta_gracia,poblacion,2035,3104.107,2652.153,3556.061,lineal,0.9425,alta,8
bajada_vieja,poblacion,2027,4012.012,3635.97,4388.054,lineal,0.8719,alta,8
bajada_vieja,poblacion,2030,4346.655,3879.706,4813.604,lineal,0.8719,alta,8
bajada_vieja,poblacion,2035,4904.393,4257.284,5551.501,lineal,0.8719,alta,8
centro,poblacion,2027,29318.583,27312.613,31324.554,lineal,0.834,media,8
centro,poblacion,2030,30852.583,28361.676,33343.491,lineal,0.834,media,8
centro,poblacion,2035,33409.25,29957.296,36861.204,lineal,0.834,media,8
chacra_32,poblacion,2027,30500.369,26989.848,34010.89,lineal,0.9053,alta,8
chacra_32,poblacion,2030,34203.798,29844.619,38562.976,lineal,0.9053,alta,8
chacra_32,poblacion,2035,40376.179,34335.134,46417.223,lineal,0.9053,alta,8
cima_del_sol,poblacion,2027,1876.655,1766.67,1986.639,lineal,0.9789,alta,8
cima_del_sol,poblacion,2030,2132.012,1995.439,2268.585,lineal,0.9789,alta,8
cima_del_sol,poblacion,2035,2557.607,2368.341,2746.873,lineal,0.9789,alta,8
cit_riberas_del_parana,poblacion,2027,12536.571,11333.711,13739.432,lineal,0.9426,alta,8
cit_riberas_del_parana,poblacion,2030,14199.429,12705.781,15693.076,lineal,0.9426,alta,8
cit_riberas_del_parana,poblacion,2035,16970.857,14900.927,19040.787,lineal,0.9426,alta,8
cit_riberas_del_parana_oeste,poblacion,2027,18450.202,16292.033,20608.372,lineal,0.945,alta,8
cit_riberas_del_parana_oeste,poblacion,2030,21502.131,18822.231,24182.031,lineal,0.945,alta,8
cit_riberas_del_parana_oeste,poblacion,2035,26588.679,22874.814,30302.543,lineal,0.945,alta,8
colonia_laosiana,poblacion,2027,5.333,1.188,9.479,lineal,0.3333,baja,8
colonia_laosiana,poblacion,2030,6.333,1.186,11.481,lineal,0.3333,baja,8
colonia_laosiana,poblacion,2035,8.0,0.866,15.134,lineal,0.3333,baja,8
complejo_gervasio_artigas,poblacion,2027,6703.75,5882.056,7525.444,lineal,0.8557,alta,8
complejo_gervasio_artigas,poblacion,2030,7386.25,6365.915,8406.585,lineal,0.8557,alta,8
complejo_gervasio_artigas,poblacion,2035,8523.75,7109.747,9937.753,lineal,0.8557,alta,8
complejo_habitacional_virgen_de_fatima,poblacion,2027,4610.524,3967.731,5253.317,lineal,0.8537,alta,8
complejo_habitacional_virgen_de_fatima,poblacion,2030,5140.31,4342.123,5938.496,lineal,0.8537,alta,8
complejo_habitacional_virgen_de_fatima,poblacion,2035,6023.286,4917.142,7129.43,lineal,0.8537,alta,8
dm_itaembe_mini_este,poblacion,2027,18004.06,16035.213,19972.906,lineal,0.9522,alta,8
dm_itaembe_mini_este,poblacion,2030,21001.024,18556.214,23445.834,lineal,0.9522,alta,8
dm_itaembe_mini_este,poblacion,2035,25995.964,22607.894,29384.035,lineal,0.9522,alta,8
dm_itaembe_mini_este_suroeste,poblacion,2027,13009.833,11992.748,14026.918,lineal,0.9104,alta,8
dm_itaembe_mini_este_suroeste,poblacion,2030,14115.583,12852.621,15378.546,lineal,0.9104,alta,8
dm_itaembe_mini_este_suroeste,poblacion,2035,15958.5,14208.259,17708.741,lineal,0.9104,alta,8
dm_miguel_lanus,poblacion,2027,13951.5,12206.733,15696.267,lineal,0.9046,alta,8
dm_miguel_lanus,poblacion,2030,15784.5,13617.941,17951.059,lineal,0.9046,alta,8
dm_miguel_lanus,poblacion,2035,18839.5,15837.036,21841.964,lineal,0.9046,alta,8
dm_miguel_lanus_sur,poblacion,2027,9331.738,8443.662,10219.814,lineal,0.9478,alta,8
dm_miguel_lanus_sur,poblacion,2030,10622.345,9519.58,11725.111,lineal,0.9478,alta,8
dm_miguel_lanus_sur,poblacion,2035,12773.357,11245.12,14301.594,lineal,0.9478,alta,8
dm_santa_rita,poblacion,2027,20682.357,18007.954,23356.761,lineal,0.8886,alta,8
dm_santa_rita,poblacion,2030,23259.143,19938.211,26580.075,lineal,0.8886,alta,8
dm_santa_rita,poblacion,2035,27553.786,22951.565,32156.006,lineal,0.8886,alta,8
dm_santa_rita_suroeste,poblacion,2027,31387.071,27031.727,35742.416,lineal,0.9107,alta,8
dm_santa_rita_suroeste,poblacion,2030,36131.679,30723.443,41539.915,lineal,0.9107,alta,8
dm_santa_rita_suroeste,poblacion,2035,44039.357,36544.506,51534.208,lineal,0.9107,alta,8
dm_villa_urquiza,poblacion,2027,15843.571,13744.289,17942.854,lineal,0.8718,alta,8
dm_villa_urquiza,poblacion,2030,17711.179,15104.401,20317.956,lineal,0.8718,alta,8
dm_villa_urquiza,poblacion,2035,20823.857,17211.328,24436.387,lineal,0.8718,alta,8
dm_villa_urquiza_sureste,poblacion,2027,4487.583,3926.651,5048.516,lineal,0.8776,alta,8
dm_villa_urquiza_sureste,poblacion,2030,5000.083,4303.547,5696.619,lineal,0.8776,alta,8
dm_villa_urquiza_sureste,poblacion,2035,5854.25,4888.975,6819.525,lineal,0.8776,alta,8
don_santiago,poblacion,2027,1344.048,1014.923,1673.172,lineal,0.8025,media,8
don_santiago,poblacion,2030,1570.369,1161.68,1979.058,lineal,0.8025,media,8
don_santiago,poblacion,2035,1947.571,1381.201,2513.942,lineal,0.8025,media,8
el_brete,poblacion,2027,4017.893,3546.88,4488.906,lineal,0.9142,alta,8
el_brete,poblacion,2030,4542.357,3957.478,5127.236,lineal,0.9142,alta,8
el_brete,poblacion,2035,5416.464,4605.927,6227.002,lineal,0.9142,alta,8
el_laurel,poblacion,2027,575.512,478.839,672.185,lineal,0.9104,alta,8
el_laurel,poblacion,2030,680.655,560.612,800.698,lineal,0.9104,alta,8
el_laurel,poblacion,2035,855.893,689.534,1022.251,lineal,0.9104,alta,8
el_palomar,poblacion,2027,8703.786,8056.159,9351.413,lineal,0.8964,alta,8
el_palomar,poblacion,2030,9353.714,8549.525,10157.903,lineal,0.8964,alta,8
el_palomar,poblacion,2035,10436.929,9322.466,11551.391,lineal,0.8964,alta,8
el_portal,poblacion,2027,2232.464,1990.435,2474.494,lineal,0.9647,alta,8
el_portal,poblacion,2030,2664.036,2363.496,2964.575,lineal,0.9647,alta,8
el_portal,poblacion,2035,3383.321,2966.827,3799.816,lineal,0.9647,alta,8
fatima,poblacion,2027,1758.667,1618.096,1899.238,lineal,0.9744,alta,8
fatima,poblacion,2030,2054.667,1880.113,2229.22,lineal,0.9744,alta,8
fatima,poblacion,2035,2548.0,2306.1,2789.9,lineal,0.9744,alta,8
fatima_sur,poblacion,2027,9755.405,8161.659,11349.151,lineal,0.8915,alta,8
fatima_sur,poblacion,2030,11313.512,9334.483,13292.541,lineal,0.8915,alta,8
fatima_sur,poblacion,2035,13910.357,11167.775,16652.939,lineal,0.8915,alta,8
federal,poblacion,2027,102.976,91.098,114.854,lineal,0.9141,alta,8
federal,poblacion,2030,116.19,101.441,130.94,lineal,0.9141,alta,8
federal,poblacion,2035,138.214,117.774,158.654,lineal,0.9141,alta,8
horacio_quiroga,poblacion,2027,4598.06,4070.503,5125.616,lineal,0.9501,alta,8
horacio_quiroga,poblacion,2030,5383.274,4728.182,6038.365,lineal,0.9501,alta,8
horacio_quiroga,poblacion,2035,6691.964,5784.124,7599.804,lineal,0.9501,alta,8
itaembe_guazu,poblacion,2027,36634.202,32727.243,40541.162,lineal,0.8699,alta,8
itaembe_guazu,poblacion,2030,40079.881,35228.426,44931.336,lineal,0.8699,alta,8
itaembe_guazu,poblacion,2035,45822.679,39099.427,52545.93,lineal,0.8699,alta,8
itaembe_mini,poblacion,2027,5468.548,4889.986,6047.11,lineal,0.9218,alta,8
itaembe_mini,poblacion,2030,6146.369,5427.941,6864.797,lineal,0.9218,alta,8
itaembe_mini,poblacion,2035,7276.071,6280.459,8271.684,lineal,0.9218,alta,8
itaembe_pora,poblacion,2027,17984.452,15877.87,20091.035,lineal,0.9075,alta,8
itaembe_pora,poblacion,2030,20235.381,17619.539,22851.223,lineal,0.9075,alta,8
itaembe_pora,poblacion,2035,23986.929,20361.837,27612.02,lineal,0.9075,alta,8
la_eugenia,poblacion,2027,32.917,19.564,46.27,lineal,0.6706,media,8
la_eugenia,poblacion,2030,39.417,22.836,55.998,lineal,0.6706,media,8
la_eugenia,poblacion,2035,50.25,27.271,73.229,lineal,0.6706,media,8
las_dolores,poblacion,2027,1609.464,1509.8,1709.129,lineal,0.9594,alta,8
las_dolores,poblacion,2030,1774.786,1651.028,1898.544,lineal,0.9594,alta,8
las_dolores,poblacion,2035,2050.321,1878.815,2221.828,lineal,0.9594,alta,8
lomas_de_garupa,poblacion,2027,2079.917,1811.801,2348.032,lineal,0.9273,alta,8
lomas_de_garupa,poblacion,2030,2406.667,2073.735,2739.598,lineal,0.9273,alta,8
lomas_de_garupa,poblacion,2035,2951.25,2489.867,3412.633,lineal,0.9273,alta,8
los_patitos,poblacion,2027,6378.238,5221.915,7534.561,lineal,0.895,alta,8
los_patitos,poblacion,2030,7530.095,6094.235,8965.955,lineal,0.895,alta,8
los_patitos,poblacion,2035,9449.857,7460.011,11439.704,lineal,0.895,alta,8
luis_piedrabuena,poblacion,2027,2374.31,2068.234,2680.385,lineal,0.9299,alta,8
luis_piedrabuena,poblacion,2030,2754.524,2374.456,3134.592,lineal,0.9299,alta,8
luis_piedrabuena,poblacion,2035,3388.214,2861.508,3914.921,lineal,0.9299,alta,8
malvinas,poblacion,2027,4484.381,3901.246,5067.516,lineal,0.8854,alta,8
malvinas,poblacion,2030,5037.202,4313.096,5761.308,lineal,0.8854,alta,8
malvinas,poblacion,2035,5958.571,4955.089,6962.053,lineal,0.8854,alta,8
miguel_lanus,poblacion,2027,8763.036,7428.159,10097.913,lineal,0.9175,alta,8
miguel_lanus,poblacion,2030,10281.464,8623.885,11939.044,lineal,0.9175,alta,8
miguel_lanus,poblacion,2035,12812.179,10515.069,15109.288,lineal,0.9175,alta,8
monsenor_kemerer,poblacion,2027,5454.738,4986.381,5923.096,lineal,0.9505,alta,8
monsenor_kemerer,poblacion,2030,6155.095,5573.514,6736.677,lineal,0.9505,alta,8
monsenor_kemerer,poblacion,2035,7322.357,6516.389,8128.325,lineal,0.9505,alta,8
nemesio_parma,poblacion,2027,16.536,13.038,20.033,lineal,0.892,alta,8
nemesio_parma,poblacion,2030,19.964,15.621,24.307,lineal,0.892,alta,8
nemesio_parma,poblacion,2035,25.679,19.66,31.697,lineal,0.892,alta,8
norte,poblacion,2027,626.488,563.11,689.866,lineal,0.9738,alta,8
norte,poblacion,2030,758.345,679.646,837.044,lineal,0.9738,alta,8
norte,poblacion,2035,978.107,869.044,1087.17,lineal,0.9738,alta,8
nu_pora,poblacion,2027,3989.214,3166.509,4811.92,lineal,0.8522,alta,8
nu_pora,poblacion,2030,4663.036,3641.443,5684.628,lineal,0.8522,alta,8
nu_pora,poblacion,2035,5786.071,4370.327,7201.816,lineal,0.8522,alta,8
porvenir_2,poblacion,2027,1030.31,875.892,1184.727,lineal,0.9593,alta,8
porvenir_2,poblacion,2030,1286.024,1094.276,1477.772,lineal,0.9593,alta,8
porvenir_2,poblacion,2035,1712.214,1446.486,1977.943,lineal,0.9593,alta,8
puerto_canela,poblacion,2027,19916.557,18317.303,21515.812,lineal,0.9749,alta,7
puerto_canela,poblacion,2030,23112.049,21088.317,25135.781,lineal,0.9749,alta,7
puerto_canela,poblacion,2035,28437.869,25573.955,31301.783,lineal,0.9749,alta,7
rocamora,poblacion,2027,5678.202,5194.896,6161.508,lineal,0.9354,alta,8
rocamora,poblacion,2030,6305.381,5705.237,6905.525,lineal,0.9354,alta,8
rocamora,poblacion,2035,7350.679,6518.986,8182.371,lineal,0.9354,alta,8
san_isidro,poblacion,2027,4418.702,3887.834,4949.57,lineal,0.8985,alta,8
san_isidro,poblacion,2030,4957.381,4298.177,5616.585,lineal,0.8985,alta,8
san_isidro,poblacion,2035,5855.179,4941.64,6768.718,lineal,0.8985,alta,8
san_jorge,poblacion,2027,1881.619,1730.486,2032.752,lineal,0.733,media,8
san_jorge,poblacion,2030,1967.048,1779.379,2154.716,lineal,0.733,media,8
san_jorge,poblacion,2035,2109.429,1849.354,2369.504,lineal,0.733,media,8
san_lucas,poblacion,2027,1733.25,1565.944,1900.556,lineal,0.9747,alta,8
san_lucas,poblacion,2030,2087.25,1879.498,2295.002,lineal,0.9747,alta,8
san_lucas,poblacion,2035,2677.25,2389.343,2965.157,lineal,0.9747,alta,8
san_marcos,poblacion,2027,930.619,820.715,1040.523,lineal,0.9458,alta,8
san_marcos,poblacion,2030,1087.298,950.825,1223.77,lineal,0.9458,alta,8
san_marcos,poblacion,2035,1348.429,1159.302,1537.555,lineal,0.9458,alta,8
san_martin,poblacion,2027,5303.821,4613.522,5994.121,lineal,0.9287,alta,8
san_martin,poblacion,2030,6153.679,5296.501,7010.856,lineal,0.9287,alta,8
san_martin,poblacion,2035,7570.107,6382.212,8758.002,lineal,0.9287,alta,8
san_martin_sureste,poblacion,2027,8331.31,7355.496,9307.123,lineal,0.8709,alta,8
san_martin_sureste,poblacion,2030,9196.024,7984.31,10407.738,lineal,0.8709,alta,8
san_martin_sureste,poblacion,2035,10637.214,8957.995,12316.434,lineal,0.8709,alta,8
santa_helena,poblacion,2027,6519.179,5966.868,7071.489,lineal,0.9181,alta,8
santa_helena,poblacion,2030,7149.821,6463.992,7835.651,lineal,0.9181,alta,8
santa_helena,poblacion,2035,8200.893,7250.455,9151.33,lineal,0.9181,alta,8
santa_rita,poblacion,2027,4026.31,3399.265,4653.354,lineal,0.8541,alta,8
santa_rita,poblacion,2030,4543.774,3765.143,5322.404,lineal,0.8541,alta,8
santa_rita,poblacion,2035,5406.214,4327.171,6485.257,lineal,0.8541,alta,8
villa_bonita,poblacion,2027,8465.75,7276.251,9655.249,lineal,0.8953,alta,8
villa_bonita,poblacion,2030,9652.25,8175.193,11129.307,lineal,0.8953,alta,8
villa_bonita,poblacion,2035,11629.75,9582.812,13676.688,lineal,0.8953,alta,8
villa_cabello,poblacion,2027,17295.464,15240.235,19350.694,lineal,0.8906,alta,8
villa_cabello,poblacion,2030,19296.036,16743.96,21848.111,lineal,0.8906,alta,8
villa_cabello,poblacion,2035,22630.321,19093.6,26167.043,lineal,0.8906,alta,8
villa_dolores,poblacion,2027,20775.381,18250.659,23300.103,lineal,0.924,alta,8
villa_dolores,poblacion,2030,23777.702,20642.636,26912.768,lineal,0.924,alta,8
villa_dolores,poblacion,2035,28781.571,24436.928,33126.214,lineal,0.924,alta,8
villa_mola,poblacion,2027,2136.036,1951.675,2320.397,lineal,0.9124,alta,8
villa_mola,poblacion,2030,2338.964,2110.035,2567.894,lineal,0.9124,alta,8
villa_mola,poblacion,2035,2677.179,2359.923,2994.434,lineal,0.9124,alta,8
villa_sarita,poblacion,2027,7476.798,6923.675,8029.92,lineal,0.8826,alta,8
villa_sarita,poblacion,2030,7994.119,7307.281,8680.957,lineal,0.8826,alta,8
villa_sarita,poblacion,2035,8856.321,7904.486,9808.157,lineal,0.8826,alta,8
villa_urquiza,poblacion,2027,8385.619,7533.505,9237.733,lineal,0.8929,alta,8
villa_urquiza,poblacion,2030,9224.798,8166.688,10282.907,lineal,0.8929,alta,8
villa_urquiza,poblacion,2035,10623.429,9157.077,12089.78,lineal,0.8929,alta,8
yacyreta,poblacion,2027,5399.381,4687.661,6111.101,lineal,0.9388,alta,8
yacyreta,poblacion,2030,6350.452,5466.676,7234.228,lineal,0.9388,alta,8
yacyreta,poblacion,2035,7935.571,6710.816,9160.327,lineal,0.9388,alta,8
23_de_septiembre,urbano,2027,100.0,100.0,100.0,lineal,0.7669,media,25
23_de_septiembre,urbano,2030,100.0,100.0,100.0,lineal,0.7669,media,25
23_de_septiembre,urbano,2035,100.0,100.0,100.0,lineal,0.7669,media,25
a4_nueva_esperanza,urbano,2027,100.0,80.471,100.0,lineal,0.3678,baja,25
a4_nueva_esperanza,urbano,2030,100.0,84.539,100.0,lineal,0.3678,baja,25
a4_nueva_esperanza,urbano,2035,100.0,90.949,100.0,lineal,0.3678,baja,25
a_3_2_sector_b,urbano,2027,100.0,100.0,100.0,lineal,1.0,alta,25
a_3_2_sector_b,urbano,2030,100.0,100.0,100.0,lineal,1.0,alta,25
a_3_2_sector_b,urbano,2035,100.0,100.0,100.0,lineal,1.0,alta,25
aguas_corrientes,urbano,2027,99.73,98.95,100.0,lineal,0.0105,baja,25
aguas_corrientes,urbano,2030,99.743,98.937,100.0,lineal,0.0105,baja,25
aguas_corrientes,urbano,2035,99.766,98.91,100.0,lineal,0.0105,baja,25
alta_gracia,urbano,2027,100.0,93.894,100.0,lineal,0.8798,alta,25
alta_gracia,urbano,2030,100.0,98.46,100.0,lineal,0.8798,alta,25
alta_gracia,urbano,2035,100.0,100.0,100.0,lineal,0.8798,alta,25
bajada_vieja,urbano,2027,98.191,89.733,100.0,lineal,0.0335,baja,25
bajada_vieja,urbano,2030,98.462,89.722,100.0,lineal,0.0335,baja,25
bajada_vieja,urbano,2035,98.913,89.629,100.0,lineal,0.0335,baja,25
centro,urbano,2027,100.0,99.882,100.0,lineal,0.1154,baja,25
centro,urbano,2030,100.0,99.887,100.0,lineal,0.1154,baja,25
centro,urbano,2035,100.0,99.893,100.0,lineal,0.1154,baja,25
chacra_32,urbano,2027,100.0,99.465,100.0,lineal,0.8089,media,25
chacra_32,urbano,2030,100.0,100.0,100.0,lineal,0.8089,media,25
chacra_32,urbano,2035,100.0,100.0,100.0,lineal,0.8089,media,25
cima_del_sol,urbano,2027,64.396,52.665,76.127,lineal,0.9059,alta,25
cima_del_sol,urbano,2030,70.646,58.525,82.767,lineal,0.9059,alta,25
cima_del_sol,urbano,2035,81.063,68.188,93.939,lineal,0.9059,alta,25
cit_riberas_del_parana,urbano,2027,93.017,86.907,99.127,lineal,0.904,alta,25
cit_riberas_del_parana,urbano,2030,96.236,89.923,100.0,lineal,0.904,alta,25
cit_riberas_del_parana,urbano,2035,100.0,94.894,100.0,lineal,0.904,alta,25
cit_riberas_del_parana_oeste,urbano,2027,86.065,80.049,92.082,lineal,0.9496,alta,25
cit_riberas_del_parana_oeste,urbano,2030,90.547,84.331,96.764,lineal,0.9496,alta,25
cit_riberas_del_parana_oeste,urbano,2035,98.018,91.414,100.0,lineal,0.9496,alta,25
cit_villa_cabello,urbano,2027,5.405,4.939,5.871,lineal,0.9453,alta,25
cit_villa_cabello,urbano,2030,5.738,5.256,6.219,lineal,0.9453,alta,25
cit_villa_cabello,urbano,2035,6.292,5.781,6.804,lineal,0.9453,alta,25
colonia_laosiana,urbano,2027,1.76,0.0,8.45,lineal,0.1428,baja,25
colonia_laosiana,urbano,2030,1.291,0.0,8.204,lineal,0.1428,baja,25
colonia_laosiana,urbano,2035,0.509,0.0,7.853,lineal,0.1428,baja,25
complejo_gervasio_artigas,urbano,2027,40.395,29.95,50.839,lineal,0.8261,media,25
complejo_gervasio_artigas,urbano,2030,44.304,33.511,55.096,lineal,0.8261,media,25
complejo_gervasio_artigas,urbano,2035,50.818,39.354,62.283,lineal,0.8261,media,25
complejo_habitacional_virgen_de_fatima,urbano,2027,100.0,87.126,100.0,lineal,0.5884,media,25
complejo_habitacional_virgen_de_fatima,urbano,2030,100.0,96.613,100.0,lineal,0.5884,media,25
complejo_habitacional_virgen_de_fatima,urbano,2035,100.0,100.0,100.0,lineal,0.5884,media,25
dm_itaembe_mini_este,urbano,2027,88.85,76.128,100.0,lineal,0.9255,alta,25
dm_itaembe_mini_este,urbano,2030,96.549,83.404,100.0,lineal,0.9255,alta,25
dm_itaembe_mini_este,urbano,2035,100.0,95.417,100.0,lineal,0.9255,alta,25
dm_itaembe_mini_este_suroeste,urbano,2027,76.635,61.813,91.457,lineal,0.8978,alta,25
dm_itaembe_mini_este_suroeste,urbano,2030,84.176,68.861,99.491,lineal,0.8978,alta,25
dm_itaembe_mini_este_suroeste,urbano,2035,96.745,80.476,100.0,lineal,0.8978,alta,25
dm_miguel_lanus,urbano,2027,62.854,54.483,71.225,lineal,0.8631,alta,25
dm_miguel_lanus,urbano,2030,66.462,57.813,75.112,lineal,0.8631,alta,25
dm_miguel_lanus,urbano,2035,72.477,63.289,81.664,lineal,0.8631,alta,25
dm_miguel_lanus_sur,urbano,2027,43.734,37.364,50.103,lineal,0.9093,alta,25
dm_miguel_lanus_sur,urbano,2030,47.195,40.614,53.776,lineal,0.9093,alta,25
dm_miguel_lanus_sur,urbano,2035,52.964,45.973,59.955,lineal,0.9093,alta,25
dm_santa_rita,urbano,2027,100.0,94.999,100.0,lineal,0.9668,alta,25
dm_santa_rita,urbano,2030,100.0,100.0,100.0,lineal,0.9668,alta,25
dm_santa_rita,urbano,2035,100.0,100.0,100.0,lineal,0.9668,alta,25
dm_santa_rita_suroeste,urbano,2027,100.0,98.999,100.0,lineal,0.9041,alta,25
dm_santa_rita_suroeste,urbano,2030,100.0,100.0,100.0,lineal,0.9041,alta,25
dm_santa_rita_suroeste,urbano,2035,100.0,100.0,100.0,lineal,0.9041,alta,25
dm_villa_urquiza,urbano,2027,100.0,100.0,100.0,lineal,0.8579,alta,25
dm_villa_urquiza,urbano,2030,100.0,100.0,100.0,lineal,0.8579,alta,25
dm_villa_urquiza,urbano,2035,100.0,100.0,100.0,lineal,0.8579,alta,25
dm_villa_urquiza_sureste,urbano,2027,100.0,100.0,100.0,lineal,0.8334,media,25
dm_villa_urquiza_sureste,urbano,2030,100.0,100.0,100.0,lineal,0.8334,media,25
dm_villa_urquiza_sureste,urbano,2035,100.0,100.0,100.0,lineal,0.8334,media,25
don_santiago,urbano,2027,99.278,89.835,100.0,lineal,0.9336,alta,25
don_santiago,urbano,2030,100.0,95.6,100.0,lineal,0.9336,alta,25
don_santiago,urbano,2035,100.0,100.0,100.0,lineal,0.9336,alta,25
el_brete,urbano,2027,100.0,100.0,100.0,lineal,0.8537,alta,25
el_brete,urbano,2030,100.0,100.0,100.0,lineal,0.8537,alta,25
el_brete,urbano,2035,100.0,100.0,100.0,lineal,0.8537,alta,25
el_laurel,urbano,2027,33.182,29.768,36.596,lineal,0.9011,alta,25
el_laurel,urbano,2030,34.951,31.424,38.479,lineal,0.9011,alta,25
el_laurel,urbano,2035,37.9,34.153,41.647,lineal,0.9011,alta,25
el_palomar,urbano,2027,100.0,99.499,100.0,lineal,0.0288,baja,25
el_palomar,urbano,2030,100.0,99.497,100.0,lineal,0.0288,baja,25
el_palomar,urbano,2035,100.0,99.489,100.0,lineal,0.0288,baja,25
el_portal,urbano,2027,67.593,60.253,74.934,lineal,0.9576,alta,25
el_portal,urbano,2030,73.585,66.0,81.17,lineal,0.9576,alta,25
el_portal,urbano,2035,83.572,75.514,91.629,lineal,0.9576,alta,25
fatima,urbano,2027,77.168,68.862,85.474,lineal,0.9552,alta,25
fatima,urbano,2030,83.755,75.172,92.337,lineal,0.9552,alta,25
fatima,urbano,2035,94.732,85.615,100.0,lineal,0.9552,alta,25
fatima_sur,urbano,2027,82.491,74.363,90.62,lineal,0.941,alta,25
fatima_sur,urbano,2030,88.064,79.665,96.462,lineal,0.941,alta,25
fatima_sur,urbano,2035,97.35,88.428,100.0,lineal,0.941,alta,25
federal,urbano,2027,49.782,34.391,65.173,lineal,0.8128,media,25
federal,urbano,2030,55.288,39.385,71.192,lineal,0.8128,media,25
federal,urbano,2035,64.465,47.571,81.359,lineal,0.8128,media,25
horacio_quiroga,urbano,2027,83.578,70.964,96.192,lineal,0.9336,alta,25
horacio_quiroga,urbano,2030,91.699,78.665,100.0,lineal,0.9336,alta,25
horacio_quiroga,urbano,2035,100.0,91.388,100.0,lineal,0.9336,alta,25
itaembe_guazu,urbano,2027,68.354,36.768,99.939,lineal,0.7282,media,25
itaembe_guazu,urbano,2030,77.229,44.593,100.0,lineal,0.7282,media,25
itaembe_guazu,urbano,2035,92.022,57.353,100.0,lineal,0.7282,media,25
itaembe_mini,urbano,2027,76.973,61.112,92.833,lineal,0.5967,media,25
itaembe_mini,urbano,2030,80.285,63.897,96.673,lineal,0.5967,media,25
itaembe_mini,urbano,2035,85.806,68.397,100.0,lineal,0.5967,media,25
itaembe_pora,urbano,2027,100.0,82.653,100.0,lineal,0.834,media,25
itaembe_pora,urbano,2030,100.0,90.369,100.0,lineal,0.834,media,25
itaembe_pora,urbano,2035,100.0,100.0,100.0,lineal,0.834,media,25
la_eugenia,urbano,2027,16.25,9.129,28.927,exp,0.7843,media,25
la_eugenia,urbano,2030,19.252,10.61,34.933,exp,0.7843,media,25
la_eugenia,urbano,2035,25.536,13.56,48.087,exp,0.7843,media,25
las_dolores,urbano,2027,80.842,70.835,90.85,lineal,0.9342,alta,25
las_dolores,urbano,2030,87.315,76.975,97.655,lineal,0.9342,alta,25
las_dolores,urbano,2035,98.103,87.118,100.0,lineal,0.9342,alta,25
lomas_de_garupa,urbano,2027,94.752,79.977,100.0,lineal,0.9048,alta,25
lomas_de_garupa,urbano,2030,100.0,87.307,100.0,lineal,0.9048,alta,25
lomas_de_garupa,urbano,2035,100.0,99.394,100.0,lineal,0.9048,alta,25
los_patitos,urbano,2027,37.722,30.211,45.234,lineal,0.8753,alta,25
los_patitos,urbano,2030,41.139,33.378,48.9,lineal,0.8753,alta,25
los_patitos,urbano,2035,46.832,38.588,55.077,lineal,0.8753,alta,25
luis_piedrabuena,urbano,2027,65.501,58.582,72.419,lineal,0.8055,media,25
luis_piedrabuena,urbano,2030,67.918,60.77,75.066,lineal,0.8055,media,25
luis_piedrabuena,urbano,2035,71.947,64.353,79.541,lineal,0.8055,media,25
malvinas,urbano,2027,58.84,46.228,71.452,lineal,0.8519,alta,25
malvinas,urbano,2030,64.032,51.001,77.064,lineal,0.8519,alta,25
malvinas,urbano,2035,72.686,58.844,86.529,lineal,0.8519,alta,25
miguel_lanus,urbano,2027,100.0,99.956,100.0,lineal,0.9827,alta,25
miguel_lanus,urbano,2030,100.0,100.0,100.0,lineal,0.9827,alta,25
miguel_lanus,urbano,2035,100.0,100.0,100.0,lineal,0.9827,alta,25
monsenor_kemerer,urbano,2027,100.0,100.0,100.0,lineal,0.9878,alta,25
monsenor_kemerer,urbano,2030,100.0,100.0,100.0,lineal,0.9878,alta,25
monsenor_kemerer,urbano,2035,100.0,100.0,100.0,lineal,0.9878,alta,25
nemesio_parma,urbano,2027,4.329,2.931,5.727,lineal,0.4074,baja,25
nemesio_parma,urbano,2030,4.528,3.084,5.973,lineal,0.4074,baja,25
nemesio_parma,urbano,2035,4.86,3.326,6.394,lineal,0.4074,baja,25
norte,urbano,2027,20.516,17.22,23.811,lineal,0.8674,alta,25
norte,urbano,2030,21.963,18.558,25.368,lineal,0.8674,alta,25
norte,urbano,2035,24.374,20.757,27.992,lineal,0.8674,alta,25
nu_pora,urbano,2027,100.0,94.652,100.0,lineal,0.9203,alta,25
nu_pora,urbano,2030,100.0,100.0,100.0,lineal,0.9203,alta,25
nu_pora,urbano,2035,100.0,100.0,100.0,lineal,0.9203,alta,25
porvenir_2,urbano,2027,81.722,53.689,100.0,lineal,0.7461,media,25
porvenir_2,urbano,2030,89.974,61.008,100.0,lineal,0.7461,media,25
porvenir_2,urbano,2035,100.0,72.957,100.0,lineal,0.7461,media,25
posadas_completa,urbano,2027,73.771,70.397,77.145,lineal,0.982,alta,25
posadas_completa,urbano,2030,78.052,74.566,81.538,lineal,0.982,alta,25
posadas_completa,urbano,2035,85.188,81.484,88.891,lineal,0.982,alta,25
puerto_canela,urbano,2027,45.041,40.627,49.455,lineal,0.9304,alta,25
puerto_canela,urbano,2030,47.811,43.25,52.372,lineal,0.9304,alta,25
puerto_canela,urbano,2035,52.429,47.584,57.274,lineal,0.9304,alta,25
rocamora,urbano,2027,100.0,100.0,100.0,lineal,0.8885,alta,25
rocamora,urbano,2030,100.0,100.0,100.0,lineal,0.8885,alta,25
rocamora,urbano,2035,100.0,100.0,100.0,lineal,0.8885,alta,25
san_isidro,urbano,2027,100.0,92.896,100.0,lineal,0.6762,media,25
san_isidro,urbano,2030,100.0,100.0,100.0,lineal,0.6762,media,25
san_isidro,urbano,2035,100.0,100.0,100.0,lineal,0.6762,media,25
san_jorge,urbano,2027,97.934,88.789,100.0,lineal,0.7775,media,25
san_jorge,urbano,2030,100.0,91.42,100.0,lineal,0.7775,media,25
san_jorge,urbano,2035,100.0,95.724,100.0,lineal,0.7775,media,25
san_lucas,urbano,2027,89.149,80.471,97.826,lineal,0.9368,alta,25
san_lucas,urbano,2030,94.886,85.92,100.0,lineal,0.9368,alta,25
san_lucas,urbano,2035,100.0,94.923,100.0,lineal,0.9368,alta,25
san_marcos,urbano,2027,86.155,75.5,96.809,lineal,0.9145,alta,25
san_marcos,urbano,2030,92.137,81.128,100.0,lineal,0.9145,alta,25
san_marcos,urbano,2035,100.0,90.413,100.0,lineal,0.9145,alta,25
san_martin,urbano,2027,100.0,97.538,100.0,lineal,0.6848,media,25
san_martin,urbano,2030,100.0,98.506,100.0,lineal,0.6848,media,25
san_martin,urbano,2035,100.0,100.0,100.0,lineal,0.6848,media,25
san_martin_sureste,urbano,2027,89.561,83.468,95.654,lineal,0.967,alta,25
san_martin_sureste,urbano,2030,95.223,88.928,100.0,lineal,0.967,alta,25
san_martin_sureste,urbano,2035,100.0,97.973,100.0,lineal,0.967,alta,25
santa_helena,urbano,2027,100.0,94.834,100.0,lineal,0.8868,alta,25
santa_helena,urbano,2030,100.0,100.0,100.0,lineal,0.8868,alta,25
santa_helena,urbano,2035,100.0,100.0,100.0,lineal,0.8868,alta,25
santa_rita,urbano,2027,100.0,100.0,100.0,lineal,0.9699,alta,25
santa_rita,urbano,2030,100.0,100.0,100.0,lineal,0.9699,alta,25
santa_rita,urbano,2035,100.0,100.0,100.0,lineal,0.9699,alta,25
villa_bonita,urbano,2027,90.266,83.499,97.032,lineal,0.9549,alta,25
villa_bonita,urbano,2030,95.613,88.621,100.0,lineal,0.9549,alta,25
villa_bonita,urbano,2035,100.0,97.098,100.0,lineal,0.9549,alta,25
villa_cabello,urbano,2027,95.427,90.27,100.0,lineal,0.95,alta,25
villa_cabello,urbano,2030,99.285,93.957,100.0,lineal,0.95,alta,25
villa_cabello,urbano,2035,100.0,100.0,100.0,lineal,0.95,alta,25
villa_dolores,urbano,2027,97.386,92.035,100.0,lineal,0.949,alta,25
villa_dolores,urbano,2030,100.0,95.821,100.0,lineal,0.949,alta,25
villa_dolores,urbano,2035,100.0,100.0,100.0,lineal,0.949,alta,25
villa_mola,urbano,2027,100.0,100.0,100.0,lineal,0.7924,media,25
villa_mola,urbano,2030,100.0,100.0,100.0,lineal,0.7924,media,25
villa_mola,urbano,2035,100.0,100.0,100.0,lineal,0.7924,media,25
villa_sarita,urbano,2027,100.0,99.735,100.0,lineal,0.057,baja,25
villa_sarita,urbano,2030,100.0,99.737,100.0,lineal,0.057,baja,25
villa_sarita,urbano,2035,100.0,99.739,100.0,lineal,0.057,baja,25
villa_urquiza,urbano,2027,100.0,100.0,100.0,lineal,0.8695,alta,25
villa_urquiza,urbano,2030,100.0,100.0,100.0,lineal,0.8695,alta,25
villa_urquiza,urbano,2035,100.0,100.0,100.0,lineal,0.8695,alta,25
yacyreta,urbano,2027,100.0,98.94,100.0,lineal,0.8733,alta,25
yacyreta,urbano,2030,100.0,100.0,100.0,lineal,0.8733,alta,25
yacyreta,urbano,2035,100.0,100.0,100.0,lineal,0.8733,alta,25
23_de_septiembre,viviendas,2027,703.869,619.904,787.834,lineal,0.894,alta,8
23_de_septiembre,viviendas,2030,787.048,682.785,891.31,lineal,0.894,alta,8
23_de_septiembre,viviendas,2035,925.679,781.189,1070.168,lineal,0.894,alta,8
a4_nueva_esperanza,viviendas,2027,1360.786,1164.23,1557.342,lineal,0.7978,media,8
a4_nueva_esperanza,viviendas,2030,1493.964,1249.892,1738.037,lineal,0.7978,media,8
a4_nueva_esperanza,viviendas,2035,1715.929,1377.687,2054.17,lineal,0.7978,media,8
a_3_2_sector_b,viviendas,2027,436.881,359.219,514.543,lineal,0.8717,alta,8
a_3_2_sector_b,viviendas,2030,505.952,409.516,602.388,lineal,0.8717,alta,8
a_3_2_sector_b,viviendas,2035,621.071,487.428,754.715,lineal,0.8717,alta,8
aguas_corrientes,viviendas,2027,7327.179,6634.137,8020.22,lineal,0.8747,alta,8
aguas_corrientes,viviendas,2030,7951.821,7091.239,8812.404,lineal,0.8747,alta,8
aguas_corrientes,viviendas,2035,8992.893,7800.279,10185.507,lineal,0.8747,alta,8
alta_gracia,viviendas,2027,593.512,520.495,666.529,lineal,0.9423,alta,8
alta_gracia,viviendas,2030,694.155,603.486,784.823,lineal,0.9423,alta,8
alta_gracia,viviendas,2035,861.893,736.242,987.543,lineal,0.9423,alta,8
bajada_vieja,viviendas,2027,1114.369,1009.856,1218.882,lineal,0.8717,alta,8
bajada_vieja,viviendas,2030,1207.298,1077.519,1337.076,lineal,0.8717,alta,8
bajada_vieja,viviendas,2035,1362.179,1182.329,1542.028,lineal,0.8717,alta,8
centro,viviendas,2027,8144.071,7586.795,8701.348,lineal,0.834,media,8
centro,viviendas,2030,8570.179,7878.182,9262.175,lineal,0.834,media,8
centro,viviendas,2035,9280.357,8321.373,10239.341,lineal,0.834,media,8
chacra_32,viviendas,2027,8472.417,7497.214,9447.62,lineal,0.9053,alta,8
chacra_32,viviendas,2030,9501.167,8290.211,10712.122,lineal,0.9053,alta,8
chacra_32,viviendas,2035,11215.75,9537.582,12893.918,lineal,0.9053,alta,8
cima_del_sol,viviendas,2027,521.286,490.818,551.754,lineal,0.979,alta,8
cima_del_sol,viviendas,2030,592.214,554.381,630.048,lineal,0.979,alta,8
cima_del_sol,viviendas,2035,710.429,657.998,762.859,lineal,0.979,alta,8
cit_riberas_del_parana,viviendas,2027,3482.369,3148.219,3816.519,lineal,0.9426,alta,8
cit_riberas_del_parana,viviendas,2030,3944.298,3529.368,4359.227,lineal,0.9426,alta,8
cit_riberas_del_parana,viviendas,2035,4714.179,4139.16,5289.197,lineal,0.9426,alta,8
cit_riberas_del_parana_oeste,viviendas,2027,5125.083,4525.429,5724.737,lineal,0.945,alta,8
cit_riberas_del_parana_oeste,viviendas,2030,5972.833,5228.215,6717.452,lineal,0.945,alta,8
cit_riberas_del_parana_oeste,viviendas,2035,7385.75,6353.842,8417.658,lineal,0.945,alta,8
colonia_laosiana,viviendas,2027,1.333,0.297,2.37,lineal,0.3333,baja,8
colonia_laosiana,viviendas,2030,1.583,0.296,2.87,lineal,0.3333,baja,8
colonia_laosiana,viviendas,2035,2.0,0.217,3.783,lineal,0.3333,baja,8
complejo_gervasio_artigas,viviendas,2027,1862.238,1634.15,2090.326,lineal,0.8559,alta,8
complejo_gervasio_artigas,viviendas,2030,2051.845,1768.618,2335.073,lineal,0.8559,alta,8
complejo_gervasio_artigas,viviendas,2035,2367.857,1975.354,2760.36,lineal,0.8559,alta,8
complejo_habitacional_virgen_de_fatima,viviendas,2027,1280.702,1102.223,1459.182,lineal,0.8539,alta,8
complejo_habitacional_virgen_de_fatima,viviendas,2030,1427.881,1206.254,1649.507,lineal,0.8539,alta,8
complejo_habitacional_virgen_de_fatima,viviendas,2035,1673.179,1366.044,1980.313,lineal,0.8539,alta,8
dm_itaembe_mini_este,viviendas,2027,5001.06,4454.093,5548.026,lineal,0.9522,alta,8
dm_itaembe_mini_este,viviendas,2030,5833.524,5154.33,6512.718,lineal,0.9522,alta,8
dm_itaembe_mini_este,viviendas,2035,7220.964,6279.723,8162.206,lineal,0.9522,alta,8
dm_itaembe_mini_este_suroeste,viviendas,2027,3613.845,3331.37,3896.32,lineal,0.9104,alta,8
dm_itaembe_mini_este_suroeste,viviendas,2030,3920.988,3570.225,4271.751,lineal,0.9104,alta,8
dm_itaembe_mini_este_suroeste,viviendas,2035,4432.893,3946.798,4918.987,lineal,0.9104,alta,8
dm_miguel_lanus,viviendas,2027,3875.369,3390.748,4359.99,lineal,0.9046,alta,8
dm_miguel_lanus,viviendas,2030,4384.548,3782.771,4986.324,lineal,0.9046,alta,8
dm_miguel_lanus,viviendas,2035,5233.179,4399.224,6067.133,lineal,0.9046,alta,8
dm_miguel_lanus_sur,viviendas,2027,2592.19,2345.705,2838.676,lineal,0.9479,alta,8
dm_miguel_lanus_sur,viviendas,2030,2950.726,2644.653,3256.799,lineal,0.9479,alta,8
dm_miguel_lanus_sur,viviendas,2035,3548.286,3124.123,3972.449,lineal,0.9479,alta,8
dm_santa_rita,viviendas,2027,5745.083,5001.906,6488.26,lineal,0.8885,alta,8
dm_santa_rita,viviendas,2030,6460.833,5537.995,7383.671,lineal,0.8885,alta,8
dm_santa_rita,viviendas,2035,7653.75,6374.861,8932.639,lineal,0.8885,alta,8
dm_santa_rita_suroeste,viviendas,2027,8718.643,7508.973,9928.313,lineal,0.9107,alta,8
dm_santa_rita_suroeste,viviendas,2030,10036.607,8534.503,11538.711,lineal,0.9107,alta,8
dm_santa_rita_suroeste,viviendas,2035,12233.214,10151.566,14314.862,lineal,0.9107,alta,8
dm_villa_urquiza,viviendas,2027,4401.048,3817.884,4984.211,lineal,0.8718,alta,8
dm_villa_urquiza,viviendas,2030,4919.869,4195.728,5644.01,lineal,0.8718,alta,8
dm_villa_urquiza,viviendas,2035,5784.571,4781.04,6788.102,lineal,0.8718,alta,8
dm_villa_urquiza_sureste,viviendas,2027,1246.488,1090.6,1402.376,lineal,0.8775,alta,8
dm_villa_urquiza_sureste,viviendas,2030,1388.845,1195.272,1582.419,lineal,0.8775,alta,8
dm_villa_urquiza_sureste,viviendas,2035,1626.107,1357.849,1894.366,lineal,0.8775,alta,8
don_santiago,viviendas,2027,373.429,282.019,464.838,lineal,0.8027,media,8
don_santiago,viviendas,2030,436.321,322.814,549.829,lineal,0.8027,media,8
don_santiago,viviendas,2035,541.143,383.841,698.444,lineal,0.8027,media,8
el_brete,viviendas,2027,1116.143,985.209,1247.076,lineal,0.9141,alta,8
el_brete,viviendas,2030,1261.857,1099.271,1424.443,lineal,0.9141,alta,8
el_brete,viviendas,2035,1504.714,1279.399,1730.03,lineal,0.9141,alta,8
el_laurel,viviendas,2027,159.81,132.99,186.629,lineal,0.9107,alta,8
el_laurel,viviendas,2030,189.024,155.721,222.326,lineal,0.9107,alta,8
el_laurel,viviendas,2035,237.714,191.563,283.866,lineal,0.9107,alta,8
el_palomar,viviendas,2027,2417.667,2237.889,2597.445,lineal,0.8965,alta,8
el_palomar,viviendas,2030,2598.167,2374.928,2821.405,lineal,0.8965,alta,8
el_palomar,viviendas,2035,2899.0,2589.631,3208.369,lineal,0.8965,alta,8
el_portal,viviendas,2027,620.048,552.885,687.21,lineal,0.9647,alta,8
el_portal,viviendas,2030,739.869,656.47,823.268,lineal,0.9647,alta,8
el_portal,viviendas,2035,939.571,823.995,1055.148,lineal,0.9647,alta,8
fatima,viviendas,2027,488.476,449.274,527.679,lineal,0.9742,alta,8
fatima,viviendas,2030,570.69,522.011,619.37,lineal,0.9742,alta,8
fatima,viviendas,2035,707.714,640.253,775.175,lineal,0.9742,alta,8
fatima_sur,viviendas,2027,2709.75,2267.035,3152.465,lineal,0.8914,alta,8
fatima_sur,viviendas,2030,3142.5,2592.76,3692.24,lineal,0.8914,alta,8
fatima_sur,viviendas,2035,3863.75,3101.909,4625.591,lineal,0.8914,alta,8
federal,viviendas,2027,28.619,25.372,31.866,lineal,0.9169,alta,8
federal,viviendas,2030,32.298,28.265,36.33,lineal,0.9169,alta,8
federal,viviendas,2035,38.429,32.841,44.016,lineal,0.9169,alta,8
horacio_quiroga,viviendas,2027,1277.238,1130.754,1423.722,lineal,0.9501,alta,8
horacio_quiroga,viviendas,2030,1495.345,1313.449,1677.241,lineal,0.9501,alta,8
horacio_quiroga,viviendas,2035,1858.857,1606.781,2110.933,lineal,0.9501,alta,8
itaembe_guazu,viviendas,2027,10176.071,9090.861,11261.282,lineal,0.8699,alta,8
itaembe_guazu,viviendas,2030,11133.179,9785.622,12480.735,lineal,0.8699,alta,8
itaembe_guazu,viviendas,2035,12728.357,10860.884,14595.83,lineal,0.8699,alta,8
itaembe_mini,viviendas,2027,1519.131,1358.437,1679.825,lineal,0.9219,alta,8
itaembe_mini,viviendas,2030,1707.452,1507.911,1906.994,lineal,0.9219,alta,8
itaembe_mini,viviendas,2035,2021.321,1744.792,2297.851,lineal,0.9219,alta,8
itaembe_pora,viviendas,2027,4995.667,4410.529,5580.805,lineal,0.9075,alta,8
itaembe_pora,viviendas,2030,5620.917,4894.323,6347.51,lineal,0.9075,alta,8
itaembe_pora,viviendas,2035,6663.0,5656.071,7669.929,lineal,0.9075,alta,8
la_eugenia,viviendas,2027,9.214,5.525,12.904,lineal,0.6768,media,8
la_eugenia,viviendas,2030,11.036,6.454,15.617,lineal,0.6768,media,8
la_eugenia,viviendas,2035,14.071,7.722,20.421,lineal,0.6768,media,8
las_dolores,viviendas,2027,447.143,419.283,475.003,lineal,0.959,alta,8
las_dolores,viviendas,2030,493.107,458.512,527.703,lineal,0.959,alta,8
las_dolores,viviendas,2035,569.714,521.771,617.657,lineal,0.959,alta,8
lomas_de_garupa,viviendas,2027,577.75,503.188,652.312,lineal,0.9272,alta,8
lomas_de_garupa,viviendas,2030,668.5,575.913,761.087,lineal,0.9272,alta,8
lomas_de_garupa,viviendas,2035,819.75,691.44,948.06,lineal,0.9272,alta,8
los_patitos,viviendas,2027,1771.726,1450.716,2092.736,lineal,0.8951,alta,8
los_patitos,viviendas,2030,2091.69,1693.077,2490.304,lineal,0.8951,alta,8
los_patitos,viviendas,2035,2624.964,2072.557,3177.372,lineal,0.8951,alta,8
luis_piedrabuena,viviendas,2027,659.488,574.289,744.687,lineal,0.9296,alta,8
luis_piedrabuena,viviendas,2030,765.095,659.299,870.891,lineal,0.9296,alta,8
luis_piedrabuena,viviendas,2035,941.107,794.493,1087.721,lineal,0.9296,alta,8
malvinas,viviendas,2027,1245.738,1083.786,1407.69,lineal,0.8855,alta,8
malvinas,viviendas,2030,1399.345,1198.241,1600.449,lineal,0.8855,alta,8
malvinas,viviendas,2035,1655.357,1376.663,1934.051,lineal,0.8855,alta,8
miguel_lanus,viviendas,2027,2434.083,2063.315,2804.852,lineal,0.9175,alta,8
miguel_lanus,viviendas,2030,2855.833,2395.433,3316.234,lineal,0.9175,alta,8
miguel_lanus,viviendas,2035,3558.75,2920.717,4196.783,lineal,0.9175,alta,8
monsenor_kemerer,viviendas,2027,1515.214,1385.051,1645.378,lineal,0.9505,alta,8
monsenor_kemerer,viviendas,2030,1709.786,1548.155,1871.416,lineal,0.9505,alta,8
monsenor_kemerer,viviendas,2035,2034.071,1810.081,2258.062,lineal,0.9505,alta,8
nemesio_parma,viviendas,2027,4.643,3.65,5.636,lineal,0.8901,alta,8
nemesio_parma,viviendas,2030,5.607,4.374,6.84,lineal,0.8901,alta,8
nemesio_parma,viviendas,2035,7.214,5.505,8.923,lineal,0.8901,alta,8
norte,viviendas,2027,173.988,156.549,191.427,lineal,0.9743,alta,8
norte,viviendas,2030,210.595,188.941,232.25,lineal,0.9743,alta,8
norte,viviendas,2035,271.607,241.598,301.616,lineal,0.9743,alta,8
nu_pora,viviendas,2027,1108.095,879.633,1336.557,lineal,0.8522,alta,8
nu_pora,viviendas,2030,1295.238,1011.546,1578.93,lineal,0.8522,alta,8
nu_pora,viviendas,2035,1607.143,1213.996,2000.289,lineal,0.8522,alta,8
porvenir_2,viviendas,2027,286.167,243.27,329.063,lineal,0.9593,alta,8
porvenir_2,viviendas,2030,357.167,303.9,410.434,lineal,0.9593,alta,8
porvenir_2,viviendas,2035,475.5,401.682,549.318,lineal,0.9593,alta,8
puerto_canela,viviendas,2027,5532.41,5088.177,5976.642,lineal,0.9749,alta,7
puerto_canela,viviendas,2030,6420.066,5857.924,6982.207,lineal,0.9749,alta,7
puerto_canela,viviendas,2035,7899.492,7103.968,8695.015,lineal,0.9749,alta,7
rocamora,viviendas,2027,1577.202,1443.098,1711.307,lineal,0.9355,alta,8
rocamora,viviendas,2030,1751.381,1584.857,1917.905,lineal,0.9355,alta,8
rocamora,viviendas,2035,2041.679,1810.906,2272.451,lineal,0.9355,alta,8
san_isidro,viviendas,2027,1227.405,1079.975,1374.835,lineal,0.8985,alta,8
san_isidro,viviendas,2030,1377.012,1193.941,1560.083,lineal,0.8985,alta,8
san_isidro,viviendas,2035,1626.357,1372.653,1880.061,lineal,0.8985,alta,8
san_jorge,viviendas,2027,522.667,480.698,564.636,lineal,0.7335,media,8
san_jorge,viviendas,2030,546.417,494.302,598.532,lineal,0.7335,media,8
san_jorge,viviendas,2035,586.0,513.778,658.222,lineal,0.7335,media,8
san_lucas,viviendas,2027,481.512,435.014,528.01,lineal,0.9747,alta,8
san_lucas,viviendas,2030,579.905,522.166,637.643,lineal,0.9747,alta,8
san_lucas,viviendas,2035,743.893,663.878,823.908,lineal,0.9747,alta,8
san_marcos,viviendas,2027,258.5,228.006,288.994,lineal,0.9459,alta,8
san_marcos,viviendas,2030,302.0,264.134,339.866,lineal,0.9459,alta,8
san_marcos,viviendas,2035,374.5,322.025,426.975,lineal,0.9459,alta,8
san_martin,viviendas,2027,1473.298,1281.48,1665.115,lineal,0.9286,alta,8
san_martin,viviendas,2030,1709.369,1471.18,1947.558,lineal,0.9286,alta,8
san_martin,viviendas,2035,2102.821,1772.734,2432.909,lineal,0.9286,alta,8
san_martin_sureste,viviendas,2027,2314.333,2043.502,2585.165,lineal,0.8712,alta,8
san_martin_sureste,viviendas,2030,2554.583,2218.279,2890.887,lineal,0.8712,alta,8
san_martin_sureste,viviendas,2035,2955.0,2488.942,3421.058,lineal,0.8712,alta,8
santa_helena,viviendas,2027,1810.976,1657.641,1964.311,lineal,0.9182,alta,8
santa_helena,viviendas,2030,1986.19,1795.787,2176.594,lineal,0.9182,alta,8
santa_helena,viviendas,2035,2278.214,2014.35,2542.079,lineal,0.9182,alta,8
santa_rita,viviendas,2027,1118.417,944.383,1292.45,lineal,0.8543,alta,8
santa_rita,viviendas,2030,1262.167,1046.061,1478.272,lineal,0.8543,alta,8
santa_rita,viviendas,2035,1501.75,1202.266,1801.234,lineal,0.8543,alta,8
villa_bonita,viviendas,2027,2351.524,2021.201,2681.846,lineal,0.8953,alta,8
villa_bonita,viviendas,2030,2681.06,2270.882,3091.237,lineal,0.8953,alta,8
villa_bonita,viviendas,2035,3230.286,2661.853,3798.718,lineal,0.8953,alta,8
villa_cabello,viviendas,2027,4804.31,4233.294,5375.326,lineal,0.8906,alta,8
villa_cabello,viviendas,2030,5360.024,4650.966,6069.081,lineal,0.8906,alta,8
villa_cabello,viviendas,2035,6286.214,5303.587,7268.841,lineal,0.8906,alta,8
villa_dolores,viviendas,2027,5771.0,5069.673,6472.327,lineal,0.924,alta,8
villa_dolores,viviendas,2030,6605.0,5734.129,7475.871,lineal,0.924,alta,8
villa_dolores,viviendas,2035,7995.0,6788.129,9201.871,lineal,0.924,alta,8
villa_mola,viviendas,2027,593.321,542.186,644.457,lineal,0.9126,alta,8
villa_mola,viviendas,2030,649.679,586.181,713.176,lineal,0.9126,alta,8
villa_mola,viviendas,2035,743.607,655.611,831.603,lineal,0.9126,alta,8
villa_sarita,viviendas,2027,2076.786,1923.398,2230.173,lineal,0.8829,alta,8
villa_sarita,viviendas,2030,2220.464,2029.996,2410.933,lineal,0.8829,alta,8
villa_sarita,viviendas,2035,2459.929,2195.973,2723.884,lineal,0.8829,alta,8
villa_urquiza,viviendas,2027,2329.429,2092.637,2566.22,lineal,0.8928,alta,8
villa_urquiza,viviendas,2030,2562.571,2268.536,2856.607,lineal,0.8928,alta,8
villa_urquiza,viviendas,2035,2951.143,2543.662,3358.624,lineal,0.8928,alta,8
yacyreta,viviendas,2027,1499.893,1302.13,1697.655,lineal,0.9388,alta,8
yacyreta,viviendas,2030,1764.107,1518.536,2009.678,lineal,0.9388,alta,8
yacyreta,viviendas,2035,2204.464,1864.147,2544.782,lineal,0.9388,alta,8
