poligono_id,anio,estacion,uhi_vs_rural_mean,uhi_vs_ciudad_mean,lst_mean,n_meses
23_de_septiembre,2018,invierno,0.89,0.63,22.74,1
23_de_septiembre,2018,otono,2.69,1.73,31.45,3
23_de_septiembre,2018,primavera,5.24,2.94,36.81,3
23_de_septiembre,2018,verano,3.02,3.01,38.21,1
23_de_septiembre,2019,invierno,1.36,0.62,23.08,2
23_de_septiembre,2019,otono,6.94,4.26,37.74,2
23_de_septiembre,2019,primavera,6.4,2.97,37.37,3
23_de_septiembre,2019,verano,6.66,3.7,42.11,2
23_de_septiembre,2020,invierno,1.5,0.97,24.07,1
23_de_septiembre,2020,otono,3.73,1.28,28.29,3
23_de_septiembre,2020,primavera,2.61,1.59,41.37,2
23_de_septiembre,2020,verano,5.68,2.87,41.72,2
23_de_septiembre,2021,invierno,0.32,0.67,19.55,2
23_de_septiembre,2021,otono,1.53,1.62,32.61,3
23_de_septiembre,2021,primavera,5.39,2.53,38.24,3
23_de_septiembre,2021,verano,3.64,1.96,42.56,2
23_de_septiembre,2022,invierno,3.16,1.46,23.68,2
23_de_septiembre,2022,otono,2.32,1.18,27.91,3
23_de_septiembre,2022,primavera,3.99,2.12,34.5,3
23_de_septiembre,2022,verano,5.66,2.37,46.18,2
23_de_septiembre,2023,invierno,1.25,0.41,26.29,3
23_de_septiembre,2023,otono,3.0,1.4,31.27,3
23_de_septiembre,2023,primavera,5.45,2.58,37.71,3
23_de_septiembre,2023,verano,3.44,2.15,43.77,3
23_de_septiembre,2024,invierno,2.35,1.04,20.23,3
23_de_septiembre,2024,otono,0.6,0.17,29.16,3
23_de_septiembre,2024,primavera,5.94,2.48,36.17,3
23_de_septiembre,2024,verano,8.69,3.37,46.18,3
23_de_septiembre,2025,invierno,1.0,0.18,17.91,3
23_de_septiembre,2025,otono,1.63,0.84,29.8,3
23_de_septiembre,2025,primavera,5.75,2.53,36.13,3
23_de_septiembre,2025,verano,5.13,2.52,43.38,3
23_de_septiembre,2026,otono,7.88,3.43,41.25,1
23_de_septiembre,2026,verano,5.97,2.9,43.51,3
a4_nueva_esperanza,2018,invierno,2.45,2.19,24.3,1
a4_nueva_esperanza,2018,otono,4.13,3.17,32.89,3
a4_nueva_esperanza,2018,primavera,5.53,3.23,37.1,3
a4_nueva_esperanza,2018,verano,3.49,3.48,38.68,1
a4_nueva_esperanza,2019,invierno,3.39,2.64,25.11,2
a4_nueva_esperanza,2019,otono,6.3,3.62,37.1,2
a4_nueva_esperanza,2019,primavera,7.36,3.92,38.33,3
a4_nueva_esperanza,2019,verano,6.58,3.62,42.03,2
a4_nueva_esperanza,2020,invierno,2.42,1.89,24.99,1
a4_nueva_esperanza,2020,otono,5.27,2.82,29.82,3
a4_nueva_esperanza,2020,primavera,3.86,2.84,42.62,2
a4_nueva_esperanza,2020,verano,6.42,3.62,42.47,2
a4_nueva_esperanza,2021,invierno,1.27,1.61,20.48,2
a4_nueva_esperanza,2021,otono,2.84,2.93,33.92,3
a4_nueva_esperanza,2021,primavera,6.28,3.42,39.13,3
a4_nueva_esperanza,2021,verano,5.16,3.48,44.09,2
a4_nueva_esperanza,2022,invierno,4.23,2.54,24.76,2
a4_nueva_esperanza,2022,otono,4.11,2.97,29.7,3
a4_nueva_esperanza,2022,primavera,6.35,4.49,36.86,3
a4_nueva_esperanza,2022,verano,7.06,3.75,47.56,2
a4_nueva_esperanza,2023,invierno,3.7,2.86,28.74,3
a4_nueva_esperanza,2023,otono,5.0,3.4,33.27,3
a4_nueva_esperanza,2023,primavera,7.12,4.24,39.38,3
a4_nueva_esperanza,2023,verano,5.31,4.02,45.64,3
a4_nueva_esperanza,2024,invierno,4.1,2.79,21.98,3
a4_nueva_esperanza,2024,otono,2.66,2.23,31.22,3
a4_nueva_esperanza,2024,primavera,7.73,4.27,37.96,3
a4_nueva_esperanza,2024,verano,9.84,4.52,47.32,3
a4_nueva_esperanza,2025,invierno,3.16,2.35,20.08,3
a4_nueva_esperanza,2025,otono,3.47,2.68,31.64,3
a4_nueva_esperanza,2025,primavera,6.71,3.48,37.08,3
a4_nueva_esperanza,2025,verano,6.4,3.79,44.65,3
a4_nueva_esperanza,2026,otono,10.17,5.72,43.54,1
a4_nueva_esperanza,2026,verano,7.36,4.3,44.9,3
a_3_2_sector_b,2018,invierno,0.39,0.13,22.24,1
a_3_2_sector_b,2018,otono,1.12,0.17,29.89,3
a_3_2_sector_b,2018,primavera,3.08,0.78,34.65,3
a_3_2_sector_b,2018,verano,0.03,0.02,35.22,1
a_3_2_sector_b,2019,invierno,1.35,0.6,23.06,2
a_3_2_sector_b,2019,otono,2.7,0.02,33.48,2
a_3_2_sector_b,2019,primavera,4.47,1.03,35.44,3
a_3_2_sector_b,2019,verano,5.52,2.56,40.96,2
a_3_2_sector_b,2020,invierno,0.69,0.16,23.26,1
a_3_2_sector_b,2020,otono,3.04,0.58,27.59,3
a_3_2_sector_b,2020,primavera,1.2,0.18,39.97,2
a_3_2_sector_b,2020,verano,4.26,1.46,40.3,2
a_3_2_sector_b,2021,invierno,-2.09,-1.74,17.13,2
a_3_2_sector_b,2021,otono,-1.51,-1.42,29.57,3
a_3_2_sector_b,2021,primavera,3.43,0.57,36.28,3
a_3_2_sector_b,2021,verano,2.12,0.44,41.05,2
a_3_2_sector_b,2022,invierno,5.2,3.5,25.72,2
a_3_2_sector_b,2022,otono,0.71,-0.44,26.29,3
a_3_2_sector_b,2022,primavera,2.57,0.7,33.07,3
a_3_2_sector_b,2022,verano,4.15,0.84,44.66,2
a_3_2_sector_b,2023,invierno,1.64,0.8,26.68,3
a_3_2_sector_b,2023,otono,1.94,0.33,30.2,3
a_3_2_sector_b,2023,primavera,4.86,1.99,37.12,3
a_3_2_sector_b,2023,verano,1.64,0.34,41.97,3
a_3_2_sector_b,2024,invierno,0.2,-0.52,19.12,2
a_3_2_sector_b,2024,otono,1.67,1.24,30.23,3
a_3_2_sector_b,2024,primavera,4.22,0.76,34.45,3
a_3_2_sector_b,2024,verano,6.39,1.07,43.87,3
a_3_2_sector_b,2025,invierno,1.78,0.96,18.69,3
a_3_2_sector_b,2025,otono,0.93,0.14,29.1,3
a_3_2_sector_b,2025,primavera,4.32,1.1,34.7,3
a_3_2_sector_b,2025,verano,3.01,0.4,41.26,3
a_3_2_sector_b,2026,otono,7.88,3.43,41.25,1
a_3_2_sector_b,2026,verano,4.87,1.81,42.41,3
aguas_corrientes,2018,invierno,-0.01,-0.27,21.84,1
aguas_corrientes,2018,otono,1.92,0.97,30.69,3
aguas_corrientes,2018,primavera,3.95,1.65,35.52,3
aguas_corrientes,2018,verano,1.51,1.5,36.7,1
aguas_corrientes,2019,invierno,0.62,-0.12,22.34,2
aguas_corrientes,2019,otono,5.81,3.13,36.6,2
aguas_corrientes,2019,primavera,5.13,1.69,36.1,3
aguas_corrientes,2019,verano,5.0,2.04,40.45,2
aguas_corrientes,2020,invierno,0.7,0.17,23.27,1
aguas_corrientes,2020,otono,3.14,0.69,27.7,3
aguas_corrientes,2020,primavera,1.78,0.76,40.54,2
aguas_corrientes,2020,verano,4.7,1.9,40.74,2
aguas_corrientes,2021,invierno,-0.42,-0.08,18.8,2
aguas_corrientes,2021,otono,0.99,1.08,32.07,3
aguas_corrientes,2021,primavera,4.67,1.82,37.53,3
aguas_corrientes,2021,verano,2.7,1.01,41.62,2
aguas_corrientes,2022,invierno,2.42,0.74,22.96,2
aguas_corrientes,2022,otono,1.78,0.63,27.36,3
aguas_corrientes,2022,primavera,3.13,1.27,33.64,3
aguas_corrientes,2022,verano,4.54,1.23,45.04,2
aguas_corrientes,2023,invierno,1.08,0.23,26.11,3
aguas_corrientes,2023,otono,2.41,0.8,30.68,3
aguas_corrientes,2023,primavera,4.17,1.29,36.43,3
aguas_corrientes,2023,verano,2.5,1.21,42.84,3
aguas_corrientes,2024,invierno,0.46,-0.26,19.38,2
aguas_corrientes,2024,otono,0.36,-0.07,28.92,3
aguas_corrientes,2024,primavera,5.25,1.8,35.49,3
aguas_corrientes,2024,verano,7.59,2.28,45.08,3
aguas_corrientes,2025,invierno,0.82,-0.0,17.73,3
aguas_corrientes,2025,otono,0.97,0.18,29.14,3
aguas_corrientes,2025,primavera,4.6,1.37,34.97,3
aguas_corrientes,2025,verano,4.22,1.61,42.47,3
aguas_corrientes,2026,otono,3.11,-1.34,36.48,1
aguas_corrientes,2026,verano,4.74,1.68,42.28,3
alta_gracia,2018,invierno,-0.17,-0.43,21.68,1
alta_gracia,2018,otono,1.0,0.05,29.77,3
alta_gracia,2018,primavera,2.89,0.59,34.46,3
alta_gracia,2018,verano,0.17,0.16,35.36,1
alta_gracia,2019,invierno,0.3,-0.44,22.02,2
alta_gracia,2019,otono,1.64,-1.04,32.42,2
alta_gracia,2019,primavera,3.95,0.51,34.92,3
alta_gracia,2019,verano,4.34,1.38,39.78,2
alta_gracia,2020,invierno,0.13,-0.4,22.7,1
alta_gracia,2020,otono,2.05,-0.4,26.6,3
alta_gracia,2020,primavera,0.6,-0.42,39.36,2
alta_gracia,2020,verano,3.1,0.28,39.14,2
alta_gracia,2021,invierno,-1.11,-0.76,18.11,2
alta_gracia,2021,otono,-0.51,-0.42,30.57,3
alta_gracia,2021,primavera,3.4,0.54,36.25,3
alta_gracia,2021,verano,1.21,-0.47,40.14,2
alta_gracia,2022,invierno,1.46,-0.24,21.98,2
alta_gracia,2022,otono,0.72,-0.42,26.3,3
alta_gracia,2022,primavera,1.84,-0.03,32.34,3
alta_gracia,2022,verano,3.5,0.2,44.0,2
alta_gracia,2023,invierno,-0.07,-0.92,24.96,3
alta_gracia,2023,otono,1.34,-0.27,29.61,3
alta_gracia,2023,primavera,3.58,0.71,35.85,3
alta_gracia,2023,verano,1.39,0.09,41.72,3
alta_gracia,2024,invierno,1.92,0.62,19.8,3
alta_gracia,2024,otono,-0.11,-0.54,28.45,3
alta_gracia,2024,primavera,4.73,1.28,34.97,3
alta_gracia,2024,verano,6.01,0.69,43.5,3
alta_gracia,2025,invierno,0.37,-0.44,17.29,3
alta_gracia,2025,otono,0.34,-0.45,28.51,3
alta_gracia,2025,primavera,3.46,0.23,33.83,3
alta_gracia,2025,verano,3.35,0.74,41.6,3
alta_gracia,2026,otono,4.94,0.49,38.31,1
alta_gracia,2026,verano,3.47,0.41,41.01,3
centro,2018,invierno,0.67,0.41,22.52,1
centro,2018,otono,1.16,0.2,29.92,3
centro,2018,primavera,3.54,1.24,35.12,3
centro,2018,verano,0.74,0.73,35.93,1
centro,2019,invierno,-0.01,-0.75,21.72,2
centro,2019,otono,5.4,2.72,36.19,2
centro,2019,primavera,4.54,1.1,35.51,3
centro,2019,verano,4.34,1.39,39.8,2
centro,2020,invierno,0.47,-0.06,23.04,1
centro,2020,otono,2.54,0.09,27.09,3
centro,2020,primavera,1.2,0.18,39.96,2
centro,2020,verano,4.36,1.56,40.41,2
centro,2021,invierno,-0.7,-0.36,18.52,2
centro,2021,otono,0.68,0.77,31.76,3
centro,2021,primavera,4.39,1.53,37.24,3
centro,2021,verano,2.2,0.52,41.13,2
centro,2022,invierno,2.03,0.34,22.56,2
centro,2022,otono,1.52,0.38,27.11,3
centro,2022,primavera,2.8,0.94,33.31,3
centro,2022,verano,4.3,1.0,44.82,2
centro,2023,invierno,0.56,-0.29,25.59,3
centro,2023,otono,1.83,0.22,30.1,3
centro,2023,primavera,3.44,0.57,35.7,3
centro,2023,verano,2.17,0.88,42.5,3
centro,2024,invierno,-0.04,-0.76,18.88,2
centro,2024,otono,-1.16,-1.6,27.39,3
centro,2024,primavera,5.09,1.63,35.33,3
centro,2024,verano,7.45,2.13,44.93,3
centro,2025,invierno,0.57,-0.25,17.49,3
centro,2025,otono,0.91,0.12,29.08,3
centro,2025,primavera,4.11,0.88,34.48,3
centro,2025,verano,4.01,1.4,42.26,3
centro,2026,otono,2.97,-1.48,36.34,1
centro,2026,verano,4.63,1.56,42.16,3
chacra_32,2018,invierno,0.96,0.7,22.81,1
chacra_32,2018,otono,2.14,1.18,30.91,3
chacra_32,2018,primavera,4.94,2.65,36.52,3
chacra_32,2018,verano,2.14,2.13,37.33,1
chacra_32,2019,invierno,1.25,0.51,22.98,2
chacra_32,2019,otono,3.54,0.86,34.33,2
chacra_32,2019,primavera,6.04,2.6,37.01,3
chacra_32,2019,verano,5.22,2.26,40.67,2
chacra_32,2020,invierno,1.03,0.5,23.6,1
chacra_32,2020,otono,3.65,1.2,28.2,3
chacra_32,2020,primavera,2.37,1.35,41.13,2
chacra_32,2020,verano,5.3,2.49,41.34,2
chacra_32,2021,invierno,-0.08,0.27,19.14,2
chacra_32,2021,otono,1.21,1.3,32.29,3
chacra_32,2021,primavera,5.27,2.41,38.12,3
chacra_32,2021,verano,3.46,1.78,42.39,2
chacra_32,2022,invierno,2.6,0.91,23.13,2
chacra_32,2022,otono,2.02,0.88,27.61,3
chacra_32,2022,primavera,3.52,1.66,34.03,3
chacra_32,2022,verano,5.59,2.29,46.1,2
chacra_32,2023,invierno,1.21,0.36,26.24,3
chacra_32,2023,otono,2.7,1.1,30.97,3
chacra_32,2023,primavera,5.01,2.14,37.28,3
chacra_32,2023,verano,3.27,1.98,43.61,3
chacra_32,2024,invierno,2.66,1.35,20.53,3
chacra_32,2024,otono,1.73,1.3,30.29,3
chacra_32,2024,primavera,6.15,2.7,36.39,3
chacra_32,2024,verano,8.36,3.04,45.84,3
chacra_32,2025,invierno,1.21,0.39,18.13,3
chacra_32,2025,otono,1.73,0.94,29.9,3
chacra_32,2025,primavera,5.76,2.53,36.13,3
chacra_32,2025,verano,5.47,2.86,43.72,3
chacra_32,2026,otono,7.03,2.58,40.4,1
chacra_32,2026,verano,5.96,2.9,43.5,3
cima_del_sol,2018,invierno,0.22,-0.04,22.07,1
cima_del_sol,2018,otono,0.76,-0.2,29.53,3
cima_del_sol,2018,primavera,0.75,-1.54,32.33,3
cima_del_sol,2018,verano,-1.39,-1.4,33.8,1
cima_del_sol,2019,invierno,0.27,-0.47,22.0,2
cima_del_sol,2019,otono,2.7,0.03,33.49,2
cima_del_sol,2019,primavera,2.68,-0.75,33.65,3
cima_del_sol,2019,verano,0.65,-2.31,36.1,2
cima_del_sol,2020,invierno,-0.09,-0.62,22.48,1
cima_del_sol,2020,otono,1.84,-0.62,26.39,3
cima_del_sol,2020,primavera,-0.1,-1.12,38.66,2
cima_del_sol,2020,verano,1.36,-1.44,37.4,2
cima_del_sol,2021,invierno,-1.23,-0.88,18.0,2
cima_del_sol,2021,otono,-0.8,-0.71,30.28,3
cima_del_sol,2021,primavera,1.1,-1.75,33.96,3
cima_del_sol,2021,verano,0.55,-1.14,39.48,2
cima_del_sol,2022,invierno,1.46,-0.24,21.98,2
cima_del_sol,2022,otono,0.58,-0.56,26.17,3
cima_del_sol,2022,primavera,0.79,-1.08,31.3,3
cima_del_sol,2022,verano,2.39,-0.91,42.9,2
cima_del_sol,2023,invierno,-0.19,-1.03,24.85,3
cima_del_sol,2023,otono,0.97,-0.64,29.24,3
cima_del_sol,2023,primavera,1.76,-1.11,34.02,3
cima_del_sol,2023,verano,-0.35,-1.64,39.99,3
cima_del_sol,2024,invierno,1.63,0.32,19.5,3
cima_del_sol,2024,otono,-0.01,-0.44,28.55,3
cima_del_sol,2024,primavera,2.63,-0.83,32.87,3
cima_del_sol,2024,verano,3.0,-2.32,40.48,3
cima_del_sol,2025,invierno,0.23,-0.59,17.15,3
cima_del_sol,2025,otono,-0.13,-0.92,28.04,3
cima_del_sol,2025,primavera,1.08,-2.14,31.46,3
cima_del_sol,2025,verano,0.86,-1.75,39.11,3
cima_del_sol,2026,otono,4.94,0.49,38.31,1
cima_del_sol,2026,verano,1.67,-1.39,39.21,3
colonia_laosiana,2018,invierno,0.32,0.06,22.17,1
colonia_laosiana,2018,otono,-1.56,-2.52,27.21,3
colonia_laosiana,2018,primavera,0.25,-2.04,31.83,3
colonia_laosiana,2018,verano,-3.31,-3.32,31.88,1
colonia_laosiana,2019,invierno,0.09,-0.65,21.81,2
colonia_laosiana,2019,otono,-0.68,-3.36,30.11,2
colonia_laosiana,2019,primavera,1.17,-2.27,32.14,3
colonia_laosiana,2019,verano,-3.98,-6.94,31.46,2
colonia_laosiana,2020,invierno,0.14,-0.39,22.71,1
colonia_laosiana,2020,otono,1.74,-0.71,26.29,3
colonia_laosiana,2020,primavera,-0.16,-1.18,38.61,2
colonia_laosiana,2020,verano,-0.86,-3.66,35.18,2
colonia_laosiana,2021,invierno,-0.84,-0.49,18.39,2
colonia_laosiana,2021,otono,-2.58,-2.49,28.5,3
colonia_laosiana,2021,primavera,-0.27,-3.13,32.58,3
colonia_laosiana,2021,verano,-0.68,-2.36,38.25,2
colonia_laosiana,2022,invierno,0.72,-0.97,21.25,2
colonia_laosiana,2022,otono,0.12,-1.02,25.71,3
colonia_laosiana,2022,primavera,-0.99,-2.85,29.52,3
colonia_laosiana,2022,verano,0.7,-2.6,41.21,2
colonia_laosiana,2023,invierno,1.49,0.64,26.52,3
colonia_laosiana,2023,otono,-0.58,-2.19,27.69,3
colonia_laosiana,2023,primavera,0.08,-2.79,32.34,3
colonia_laosiana,2023,verano,-2.39,-3.68,37.94,3
colonia_laosiana,2024,invierno,1.06,-0.24,18.94,3
colonia_laosiana,2024,otono,-1.73,-2.16,26.83,3
colonia_laosiana,2024,primavera,1.14,-2.32,31.38,3
colonia_laosiana,2024,verano,0.15,-5.17,37.64,3
colonia_laosiana,2025,invierno,-0.32,-1.14,16.59,3
colonia_laosiana,2025,otono,-0.57,-1.36,27.6,3
colonia_laosiana,2025,primavera,-0.78,-4.0,29.6,3
colonia_laosiana,2025,verano,0.95,-1.66,39.2,3
colonia_laosiana,2026,otono,2.58,-1.87,35.95,1
colonia_laosiana,2026,verano,-1.14,-4.2,36.4,3
complejo_gervasio_artigas,2018,invierno,-0.7,-0.96,21.15,1
complejo_gervasio_artigas,2018,otono,-0.06,-1.01,28.71,3
complejo_gervasio_artigas,2018,primavera,0.22,-2.08,31.8,3
complejo_gervasio_artigas,2018,verano,0.12,0.11,35.31,1
complejo_gervasio_artigas,2019,invierno,-0.44,-1.18,21.28,2
complejo_gervasio_artigas,2019,otono,0.46,-2.22,31.26,2
complejo_gervasio_artigas,2019,primavera,-0.95,-4.38,30.02,3
complejo_gervasio_artigas,2019,verano,-0.52,-4.97,36.3,1
complejo_gervasio_artigas,2020,invierno,-0.16,-0.69,22.41,1
complejo_gervasio_artigas,2020,otono,-2.7,-5.15,21.85,3
complejo_gervasio_artigas,2020,primavera,0.1,-0.92,38.86,2
complejo_gervasio_artigas,2020,verano,0.26,-2.54,36.3,2
complejo_gervasio_artigas,2021,invierno,-0.04,0.13,22.36,1
complejo_gervasio_artigas,2021,otono,-0.3,-0.35,34.22,2
complejo_gervasio_artigas,2021,primavera,0.38,-2.47,33.24,3
complejo_gervasio_artigas,2021,verano,0.53,-1.28,43.05,1
complejo_gervasio_artigas,2022,invierno,-0.52,-2.22,20.0,2
complejo_gervasio_artigas,2022,otono,0.01,-1.13,25.6,3
complejo_gervasio_artigas,2022,primavera,0.46,-1.4,30.97,3
complejo_gervasio_artigas,2022,verano,-0.44,-3.74,40.06,2
complejo_gervasio_artigas,2023,invierno,-2.3,-3.14,22.74,3
complejo_gervasio_artigas,2023,otono,0.21,-1.4,28.47,3
complejo_gervasio_artigas,2023,primavera,0.45,-2.43,32.71,3
complejo_gervasio_artigas,2023,verano,-0.11,-1.4,40.22,3
complejo_gervasio_artigas,2024,invierno,-0.48,-1.2,18.44,2
complejo_gervasio_artigas,2024,otono,0.86,0.42,29.41,3
complejo_gervasio_artigas,2024,primavera,-0.14,-3.6,30.1,3
complejo_gervasio_artigas,2024,verano,1.25,-3.44,37.84,2
complejo_gervasio_artigas,2025,invierno,-0.47,-1.29,16.44,3
complejo_gervasio_artigas,2025,otono,-0.53,-1.1,31.02,2
complejo_gervasio_artigas,2025,primavera,0.2,-2.24,28.58,2
complejo_gervasio_artigas,2025,verano,-0.61,-3.22,37.64,3
complejo_gervasio_artigas,2026,verano,0.01,-3.05,37.55,3
complejo_habitacional_virgen_de_fatima,2018,invierno,1.01,0.75,22.86,1
complejo_habitacional_virgen_de_fatima,2018,otono,2.4,1.44,31.17,3
complejo_habitacional_virgen_de_fatima,2018,primavera,3.9,1.61,35.48,3
complejo_habitacional_virgen_de_fatima,2018,verano,1.49,1.48,36.68,1
complejo_habitacional_virgen_de_fatima,2019,invierno,2.94,2.2,24.66,2
complejo_habitacional_virgen_de_fatima,2019,otono,3.45,0.77,34.24,2
complejo_habitacional_virgen_de_fatima,2019,primavera,5.48,2.05,36.45,3
complejo_habitacional_virgen_de_fatima,2019,verano,6.48,3.53,41.94,2
complejo_habitacional_virgen_de_fatima,2020,invierno,1.05,0.52,23.62,1
complejo_habitacional_virgen_de_fatima,2020,otono,3.81,1.36,28.37,3
complejo_habitacional_virgen_de_fatima,2020,primavera,2.46,1.44,41.22,2
complejo_habitacional_virgen_de_fatima,2020,verano,4.85,2.04,40.89,2
complejo_habitacional_virgen_de_fatima,2021,invierno,0.08,0.25,22.48,1
complejo_habitacional_virgen_de_fatima,2021,otono,1.6,1.56,36.12,2
complejo_habitacional_virgen_de_fatima,2021,primavera,4.94,2.08,37.79,3
complejo_habitacional_virgen_de_fatima,2021,verano,3.42,1.74,42.34,2
complejo_habitacional_virgen_de_fatima,2022,invierno,1.5,-0.19,22.03,2
complejo_habitacional_virgen_de_fatima,2022,otono,1.86,0.71,27.44,3
complejo_habitacional_virgen_de_fatima,2022,primavera,4.53,2.66,35.03,3
complejo_habitacional_virgen_de_fatima,2022,verano,5.07,1.77,45.58,2
complejo_habitacional_virgen_de_fatima,2023,invierno,2.3,1.75,28.83,2
complejo_habitacional_virgen_de_fatima,2023,otono,2.83,1.23,31.1,3
complejo_habitacional_virgen_de_fatima,2023,primavera,5.6,2.72,37.86,3
complejo_habitacional_virgen_de_fatima,2023,verano,2.8,1.51,43.13,3
complejo_habitacional_virgen_de_fatima,2024,invierno,-0.36,-1.08,18.56,2
complejo_habitacional_virgen_de_fatima,2024,otono,0.41,-0.02,28.97,3
complejo_habitacional_virgen_de_fatima,2024,primavera,4.14,0.68,34.38,3
complejo_habitacional_virgen_de_fatima,2024,verano,7.21,1.89,44.69,3
complejo_habitacional_virgen_de_fatima,2025,invierno,3.11,2.29,20.03,3
complejo_habitacional_virgen_de_fatima,2025,otono,3.18,2.39,31.35,3
complejo_habitacional_virgen_de_fatima,2025,primavera,5.31,2.08,35.68,3
complejo_habitacional_virgen_de_fatima,2025,verano,5.19,2.58,43.44,3
complejo_habitacional_virgen_de_fatima,2026,otono,7.98,3.53,41.35,1
complejo_habitacional_virgen_de_fatima,2026,verano,5.32,2.25,42.86,3
don_santiago,2018,invierno,-0.98,-1.24,20.87,1
don_santiago,2018,otono,0.5,-0.45,29.27,3
don_santiago,2018,primavera,0.98,-1.32,32.55,3
don_santiago,2018,verano,-1.59,-1.6,33.6,1
don_santiago,2019,invierno,0.0,-0.74,21.72,2
don_santiago,2019,otono,1.53,-1.15,32.32,2
don_santiago,2019,primavera,1.32,-2.12,32.29,3
don_santiago,2019,verano,3.15,0.19,38.6,2
don_santiago,2020,invierno,-0.32,-0.85,22.25,1
don_santiago,2020,otono,1.42,-1.03,25.97,3
don_santiago,2020,primavera,0.63,-0.38,39.39,2
don_santiago,2020,verano,1.96,-0.85,38.0,2
don_santiago,2021,invierno,0.27,0.44,22.67,1
don_santiago,2021,otono,-1.16,-1.19,33.37,2
don_santiago,2021,primavera,2.31,-0.54,35.17,3
don_santiago,2021,verano,0.68,-1.0,39.61,2
don_santiago,2022,invierno,-0.1,-1.79,20.43,2
don_santiago,2022,otono,0.42,-0.72,26.01,3
don_santiago,2022,primavera,2.04,0.17,32.55,3
don_santiago,2022,verano,1.65,-1.66,42.16,2
don_santiago,2023,invierno,0.84,0.29,27.37,2
don_santiago,2023,otono,1.06,-0.55,29.33,3
don_santiago,2023,primavera,2.8,-0.07,35.06,3
don_santiago,2023,verano,1.3,0.01,41.64,3
don_santiago,2024,invierno,-0.12,-0.84,18.8,2
don_santiago,2024,otono,2.5,2.07,31.06,3
don_santiago,2024,primavera,2.2,-1.26,32.43,3
don_santiago,2024,verano,5.03,0.34,41.62,2
don_santiago,2025,invierno,1.42,0.6,18.33,3
don_santiago,2025,otono,-0.99,-1.54,30.57,2
don_santiago,2025,primavera,1.88,-0.56,30.26,2
don_santiago,2025,verano,1.76,-0.85,40.01,3
don_santiago,2026,verano,2.79,-0.28,40.33,3
el_brete,2018,invierno,0.36,0.1,22.21,1
el_brete,2018,otono,0.48,-0.48,29.24,3
el_brete,2018,primavera,2.78,0.48,34.35,3
el_brete,2018,verano,-0.59,-0.6,34.6,1
el_brete,2019,invierno,0.56,-0.18,22.28,2
el_brete,2019,otono,1.93,-0.75,32.72,2
el_brete,2019,primavera,3.11,-0.33,34.08,3
el_brete,2019,verano,2.44,-0.52,37.89,2
el_brete,2020,invierno,0.67,0.14,23.24,1
el_brete,2020,otono,3.26,0.81,27.82,3
el_brete,2020,primavera,-0.14,-1.16,38.62,2
el_brete,2020,verano,2.23,-0.57,38.28,2
el_brete,2021,invierno,0.02,0.36,19.24,2
el_brete,2021,otono,-0.22,-0.13,30.86,3
el_brete,2021,primavera,2.42,-0.43,35.28,3
el_brete,2021,verano,0.94,-0.75,39.86,2
el_brete,2022,invierno,2.03,0.34,22.56,2
el_brete,2022,otono,1.32,0.18,26.9,3
el_brete,2022,primavera,1.12,-0.75,31.62,3
el_brete,2022,verano,2.32,-0.98,42.82,2
el_brete,2023,invierno,0.83,-0.02,25.86,3
el_brete,2023,otono,1.59,-0.01,29.86,3
el_brete,2023,primavera,1.27,-1.6,33.54,3
el_brete,2023,verano,0.22,-1.08,40.55,3
el_brete,2024,invierno,1.86,0.55,19.74,3
el_brete,2024,otono,0.59,0.16,29.15,3
el_brete,2024,primavera,3.37,-0.09,33.6,3
el_brete,2024,verano,4.82,-0.5,42.3,3
el_brete,2025,invierno,1.37,0.55,18.28,3
el_brete,2025,otono,0.81,0.02,28.98,3
el_brete,2025,primavera,2.94,-0.29,33.31,3
el_brete,2025,verano,2.07,-0.54,40.32,3
el_brete,2026,otono,-2.61,-7.06,30.76,1
el_brete,2026,verano,2.35,-0.71,39.89,3
el_laurel,2018,invierno,-0.85,-1.11,21.0,1
el_laurel,2018,otono,-1.09,-2.05,27.67,3
el_laurel,2018,primavera,-0.81,-3.11,30.77,3
el_laurel,2018,verano,-4.29,-4.3,30.9,1
el_laurel,2019,invierno,-0.91,-1.66,20.81,2
el_laurel,2019,otono,-2.1,-4.78,28.68,2
el_laurel,2019,primavera,-0.16,-3.6,30.81,3
el_laurel,2019,verano,-4.24,-7.19,31.22,2
el_laurel,2020,invierno,-0.8,-1.33,21.77,1
el_laurel,2020,otono,1.06,-1.39,25.62,3
el_laurel,2020,primavera,-3.49,-4.5,35.28,2
el_laurel,2020,verano,-2.0,-4.8,34.04,2
el_laurel,2021,invierno,-0.79,-0.44,18.43,2
el_laurel,2021,otono,-2.81,-2.72,28.27,3
el_laurel,2021,primavera,-0.91,-3.77,31.94,3
el_laurel,2021,verano,-3.09,-4.78,35.83,2
el_laurel,2022,invierno,0.6,-1.1,21.12,2
el_laurel,2022,otono,-0.54,-1.68,25.05,3
el_laurel,2022,primavera,-1.86,-3.73,28.65,3
el_laurel,2022,verano,-1.77,-5.07,38.74,2
el_laurel,2023,invierno,-0.67,-1.52,24.36,3
el_laurel,2023,otono,-1.09,-2.7,27.17,3
el_laurel,2023,primavera,-1.76,-4.63,30.5,3
el_laurel,2023,verano,-3.86,-5.15,36.47,3
el_laurel,2024,invierno,0.18,-1.13,18.05,3
el_laurel,2024,otono,-2.03,-2.46,26.53,3
el_laurel,2024,primavera,-0.78,-4.24,29.45,3
el_laurel,2024,verano,-0.05,-5.37,37.43,3
el_laurel,2025,invierno,-0.55,-1.37,16.37,3
el_laurel,2025,otono,-1.41,-2.2,26.76,3
el_laurel,2025,primavera,-0.8,-4.03,29.57,3
el_laurel,2025,verano,-2.32,-4.93,35.93,3
el_laurel,2026,verano,-2.43,-5.5,35.1,3
el_palomar,2018,invierno,-0.13,-0.39,21.72,1
el_palomar,2018,otono,1.66,0.7,30.42,3
el_palomar,2018,primavera,4.39,2.09,35.96,3
el_palomar,2018,verano,2.04,2.03,37.23,1
el_palomar,2019,invierno,0.42,-0.32,22.14,2
el_palomar,2019,otono,4.68,2.0,35.47,2
el_palomar,2019,primavera,5.43,1.99,36.4,3
el_palomar,2019,verano,5.14,2.18,40.59,2
el_palomar,2020,invierno,0.52,-0.01,23.09,1
el_palomar,2020,otono,3.0,0.55,27.56,3
el_palomar,2020,primavera,1.94,0.92,40.7,2
el_palomar,2020,verano,5.07,2.27,41.12,2
el_palomar,2021,invierno,-0.68,-0.34,18.54,2
el_palomar,2021,otono,0.78,0.87,31.86,3
el_palomar,2021,primavera,5.11,2.25,37.96,3
el_palomar,2021,verano,2.84,1.16,41.77,2
el_palomar,2022,invierno,2.34,0.64,22.86,2
el_palomar,2022,otono,1.94,0.8,27.53,3
el_palomar,2022,primavera,3.36,1.5,33.87,3
el_palomar,2022,verano,4.9,1.6,45.41,2
el_palomar,2023,invierno,0.94,0.1,25.98,3
el_palomar,2023,otono,2.32,0.71,30.58,3
el_palomar,2023,primavera,4.83,1.96,37.1,3
el_palomar,2023,verano,2.9,1.61,43.24,3
el_palomar,2024,invierno,1.32,0.59,20.23,2
el_palomar,2024,otono,-0.23,-0.67,28.32,3
el_palomar,2024,primavera,5.32,1.86,35.55,3
el_palomar,2024,verano,8.19,2.88,45.68,3
el_palomar,2025,invierno,0.62,-0.2,17.53,3
el_palomar,2025,otono,1.01,0.22,29.18,3
el_palomar,2025,primavera,5.51,2.28,35.88,3
el_palomar,2025,verano,4.58,1.97,42.83,3
el_palomar,2026,otono,5.04,0.59,38.41,1
el_palomar,2026,verano,5.29,2.22,42.83,3
fatima,2018,invierno,0.36,0.1,22.21,1
fatima,2018,otono,0.77,-0.19,29.53,3
fatima,2018,primavera,0.03,-2.27,31.61,3
fatima,2018,verano,-1.49,-1.5,33.7,1
fatima,2019,invierno,1.51,0.76,23.23,2
fatima,2019,otono,1.25,-1.44,32.03,2
fatima,2019,primavera,2.25,-1.18,33.22,3
fatima,2019,verano,3.44,0.48,38.89,2
fatima,2020,invierno,0.2,-0.33,22.77,1
fatima,2020,otono,1.92,-0.53,26.47,3
fatima,2020,primavera,0.78,-0.24,39.54,2
fatima,2020,verano,1.67,-1.14,37.72,2
fatima,2021,invierno,-0.17,0.0,22.23,1
fatima,2021,otono,-0.62,-0.66,33.91,2
fatima,2021,primavera,2.29,-0.56,35.15,3
fatima,2021,verano,0.35,-1.34,39.28,2
fatima,2022,invierno,0.36,-1.34,20.88,2
fatima,2022,otono,0.56,-0.58,26.14,3
fatima,2022,primavera,1.94,0.07,32.44,3
fatima,2022,verano,2.33,-0.98,42.83,2
fatima,2023,invierno,1.12,0.58,27.66,2
fatima,2023,otono,0.98,-0.63,29.24,3
fatima,2023,primavera,2.49,-0.38,34.75,3
fatima,2023,verano,-0.56,-1.85,39.78,3
fatima,2024,invierno,-1.57,-2.29,17.35,2
fatima,2024,otono,-1.0,-1.43,27.56,3
fatima,2024,primavera,1.43,-2.03,31.67,3
fatima,2024,verano,3.17,-2.15,40.65,3
fatima,2025,invierno,1.4,0.59,18.32,3
fatima,2025,otono,1.45,0.66,29.62,3
fatima,2025,primavera,1.63,-1.6,32.0,3
fatima,2025,verano,1.78,-0.83,40.03,3
fatima,2026,otono,4.65,0.2,38.02,1
fatima,2026,verano,1.77,-1.3,39.31,3
federal,2018,invierno,0.18,-0.08,22.03,1
federal,2018,otono,0.71,-0.25,29.47,3
federal,2018,primavera,0.69,-1.61,32.26,3
federal,2018,verano,-0.27,-0.28,34.92,1
federal,2019,invierno,0.26,-0.48,21.98,2
federal,2019,otono,0.38,-2.3,31.17,2
federal,2019,primavera,-0.47,-3.9,30.5,3
federal,2019,verano,-3.23,-6.18,32.22,2
federal,2020,invierno,0.5,-0.03,23.07,1
federal,2020,otono,-2.92,-5.38,21.63,3
federal,2020,primavera,1.04,0.03,39.8,2
federal,2020,verano,1.29,-1.52,37.33,2
federal,2021,invierno,0.61,0.78,23.01,1
federal,2021,otono,0.18,0.14,34.7,2
federal,2021,primavera,1.3,-1.55,34.16,3
federal,2021,verano,0.98,-0.83,43.5,1
federal,2022,invierno,-0.16,-1.86,20.37,2
federal,2022,otono,0.54,-0.6,26.13,3
federal,2022,primavera,0.98,-0.89,31.48,3
federal,2022,verano,0.88,-2.42,41.39,2
federal,2023,invierno,-0.3,-1.14,24.74,3
federal,2023,otono,0.86,-0.74,29.13,3
federal,2023,primavera,0.52,-2.36,32.78,3
federal,2023,verano,0.45,-0.84,40.79,3
federal,2024,invierno,-0.46,-1.18,18.46,2
federal,2024,otono,0.67,0.24,29.23,3
federal,2024,primavera,-0.41,-3.87,29.82,3
federal,2024,verano,1.61,-3.08,38.2,2
federal,2025,invierno,-0.51,-1.33,16.41,3
federal,2025,otono,0.22,-0.34,31.77,2
federal,2025,primavera,-0.2,-2.64,28.18,2
federal,2025,verano,0.91,-1.7,39.16,3
federal,2026,verano,0.57,-2.5,38.11,3
itaembe_guazu,2018,invierno,0.57,0.31,22.42,1
itaembe_guazu,2018,otono,0.24,-0.72,29.01,3
itaembe_guazu,2018,primavera,1.47,-0.83,33.05,3
itaembe_guazu,2018,verano,0.11,0.1,35.3,1
itaembe_guazu,2019,invierno,0.42,-0.32,22.14,2
itaembe_guazu,2019,otono,1.64,-1.03,32.44,2
itaembe_guazu,2019,primavera,3.82,0.38,34.79,3
itaembe_guazu,2019,verano,2.79,-0.16,38.24,2
itaembe_guazu,2020,invierno,0.68,0.15,23.25,1
itaembe_guazu,2020,otono,3.38,0.93,27.94,3
itaembe_guazu,2020,primavera,1.61,0.59,40.37,2
itaembe_guazu,2020,verano,2.5,-0.31,38.54,2
itaembe_guazu,2021,invierno,-0.63,-0.29,18.59,2
itaembe_guazu,2021,otono,0.05,0.14,31.13,3
itaembe_guazu,2021,primavera,1.64,-1.21,34.5,3
itaembe_guazu,2021,verano,2.7,1.01,41.62,2
itaembe_guazu,2022,invierno,1.34,-0.36,21.86,2
itaembe_guazu,2022,otono,0.66,-0.49,26.24,3
itaembe_guazu,2022,primavera,0.62,-1.25,31.12,3
itaembe_guazu,2022,verano,4.26,0.96,44.78,2
itaembe_guazu,2023,invierno,0.68,-0.17,25.71,3
itaembe_guazu,2023,otono,0.99,-0.62,29.26,3
itaembe_guazu,2023,primavera,1.41,-1.47,33.67,3
itaembe_guazu,2023,verano,1.95,0.65,42.28,3
itaembe_guazu,2024,invierno,0.88,-0.43,18.75,3
itaembe_guazu,2024,otono,-0.01,-0.44,28.55,3
itaembe_guazu,2024,primavera,3.3,-0.15,33.54,3
itaembe_guazu,2024,verano,4.97,-0.35,42.45,3
itaembe_guazu,2025,invierno,0.23,-0.59,17.15,3
itaembe_guazu,2025,otono,0.66,-0.13,28.83,3
itaembe_guazu,2025,primavera,1.38,-1.85,31.75,3
itaembe_guazu,2025,verano,3.14,0.53,41.39,3
itaembe_guazu,2026,otono,5.38,0.93,38.75,1
itaembe_guazu,2026,verano,3.03,-0.04,40.56,3
itaembe_mini,2018,invierno,1.28,1.02,23.13,1
itaembe_mini,2018,otono,0.73,-0.22,29.5,3
itaembe_mini,2018,primavera,2.67,0.37,34.24,3
itaembe_mini,2018,verano,0.25,0.24,35.44,1
itaembe_mini,2019,invierno,1.64,0.89,23.36,2
itaembe_mini,2019,otono,4.84,2.16,35.63,2
itaembe_mini,2019,primavera,4.12,0.68,35.09,3
itaembe_mini,2019,verano,2.86,-0.1,38.31,2
itaembe_mini,2020,invierno,1.48,0.95,24.05,1
itaembe_mini,2020,otono,3.78,1.33,28.34,3
itaembe_mini,2020,primavera,1.6,0.57,40.36,2
itaembe_mini,2020,verano,3.06,0.26,39.11,2
itaembe_mini,2021,invierno,0.35,0.7,19.57,2
itaembe_mini,2021,otono,0.09,0.18,31.17,3
itaembe_mini,2021,primavera,3.19,0.34,36.05,3
itaembe_mini,2021,verano,2.06,0.38,40.99,2
itaembe_mini,2022,invierno,2.5,0.8,23.02,2
itaembe_mini,2022,otono,1.86,0.72,27.45,3
itaembe_mini,2022,primavera,1.78,-0.08,32.29,3
itaembe_mini,2022,verano,4.63,1.32,45.14,2
itaembe_mini,2023,invierno,1.65,0.81,26.69,3
itaembe_mini,2023,otono,2.24,0.63,30.51,3
itaembe_mini,2023,primavera,3.13,0.26,35.4,3
itaembe_mini,2023,verano,2.2,0.9,42.53,3
itaembe_mini,2024,invierno,1.51,0.2,19.39,3
itaembe_mini,2024,otono,1.07,0.64,29.63,3
itaembe_mini,2024,primavera,4.41,0.96,34.65,3
itaembe_mini,2024,verano,5.03,-0.29,42.51,3
itaembe_mini,2025,invierno,1.14,0.32,18.05,3
itaembe_mini,2025,otono,1.39,0.6,29.56,3
itaembe_mini,2025,primavera,3.53,0.31,33.91,3
itaembe_mini,2025,verano,2.82,0.21,41.07,3
itaembe_mini,2026,otono,4.53,0.08,37.9,1
itaembe_mini,2026,verano,2.81,-0.25,40.35,3
itaembe_pora,2018,invierno,0.56,0.3,22.41,1
itaembe_pora,2018,otono,-0.45,-1.4,28.32,3
itaembe_pora,2018,primavera,2.28,-0.02,33.86,3
itaembe_pora,2018,verano,-0.34,-0.35,34.85,1
itaembe_pora,2019,invierno,0.95,0.21,22.67,2
itaembe_pora,2019,otono,4.29,1.61,35.08,2
itaembe_pora,2019,primavera,3.85,0.42,34.82,3
itaembe_pora,2019,verano,3.47,0.52,38.92,2
itaembe_pora,2020,invierno,0.75,0.22,23.32,1
itaembe_pora,2020,otono,3.11,0.66,27.66,3
itaembe_pora,2020,primavera,1.19,0.18,39.96,2
itaembe_pora,2020,verano,2.8,-0.01,38.84,2
itaembe_pora,2021,invierno,-0.26,0.08,18.95,2
itaembe_pora,2021,otono,-0.08,0.01,31.0,3
itaembe_pora,2021,primavera,2.74,-0.12,35.59,3
itaembe_pora,2021,verano,1.92,0.24,40.85,2
itaembe_pora,2022,invierno,2.16,0.47,22.69,2
itaembe_pora,2022,otono,1.56,0.42,27.15,3
itaembe_pora,2022,primavera,1.8,-0.06,32.31,3
itaembe_pora,2022,verano,3.84,0.53,44.34,2
itaembe_pora,2023,invierno,1.62,0.78,26.66,3
itaembe_pora,2023,otono,2.3,0.69,30.56,3
itaembe_pora,2023,primavera,2.99,0.11,35.25,3
itaembe_pora,2023,verano,2.35,1.06,42.69,3
itaembe_pora,2024,invierno,1.4,0.68,20.32,2
itaembe_pora,2024,otono,1.3,0.86,29.85,3
itaembe_pora,2024,primavera,4.62,1.16,34.85,3
itaembe_pora,2024,verano,5.17,-0.15,42.65,3
itaembe_pora,2025,invierno,1.15,0.33,18.07,3
itaembe_pora,2025,otono,1.23,0.44,29.4,3
itaembe_pora,2025,primavera,3.13,-0.09,33.51,3
itaembe_pora,2025,verano,3.12,0.51,41.37,3
itaembe_pora,2026,otono,7.2,2.75,40.57,1
itaembe_pora,2026,verano,3.21,0.14,40.75,3
las_dolores,2018,invierno,0.96,0.7,22.81,1
las_dolores,2018,otono,1.88,0.92,30.64,3
las_dolores,2018,primavera,2.05,-0.25,33.63,3
las_dolores,2018,verano,-0.51,-0.52,34.68,1
las_dolores,2019,invierno,1.01,0.26,22.73,2
las_dolores,2019,otono,2.39,-0.29,33.18,2
las_dolores,2019,primavera,3.75,0.31,34.72,3
las_dolores,2019,verano,1.03,-1.93,36.48,2
las_dolores,2020,invierno,0.9,0.37,23.47,1
las_dolores,2020,otono,3.05,0.59,27.6,3
las_dolores,2020,primavera,1.18,0.16,39.94,2
las_dolores,2020,verano,2.16,-0.66,38.2,2
las_dolores,2021,invierno,-0.32,0.02,18.9,2
las_dolores,2021,otono,-0.08,0.01,31.0,3
las_dolores,2021,primavera,2.23,-0.62,35.09,3
las_dolores,2021,verano,1.64,-0.05,40.56,2
las_dolores,2022,invierno,1.97,0.28,22.5,2
las_dolores,2022,otono,1.44,0.3,27.03,3
las_dolores,2022,primavera,1.15,-0.72,31.65,3
las_dolores,2022,verano,3.96,0.66,44.46,2
las_dolores,2023,invierno,1.1,0.26,26.14,3
las_dolores,2023,otono,1.87,0.27,30.14,3
las_dolores,2023,primavera,2.53,-0.34,34.79,3
las_dolores,2023,verano,1.34,0.05,41.67,3
las_dolores,2024,invierno,2.85,1.54,20.72,3
las_dolores,2024,otono,0.94,0.51,29.5,3
las_dolores,2024,primavera,3.87,0.42,34.11,3
las_dolores,2024,verano,4.35,-0.97,41.84,3
las_dolores,2025,invierno,0.88,0.06,17.79,3
las_dolores,2025,otono,1.05,0.26,29.22,3
las_dolores,2025,primavera,2.82,-0.41,33.19,3
las_dolores,2025,verano,2.78,0.17,41.03,3
las_dolores,2026,otono,6.67,2.22,40.04,1
las_dolores,2026,verano,2.95,-0.12,40.49,3
lomas_de_garupa,2018,invierno,0.77,0.51,22.62,1
lomas_de_garupa,2018,otono,1.29,0.33,30.06,3
lomas_de_garupa,2018,primavera,0.93,-1.36,32.51,3
lomas_de_garupa,2018,verano,-0.74,-0.75,34.45,1
lomas_de_garupa,2019,invierno,1.04,0.3,22.76,2
lomas_de_garupa,2019,otono,1.93,-0.75,32.72,2
lomas_de_garupa,2019,primavera,1.92,-1.52,32.89,3
lomas_de_garupa,2019,verano,3.5,0.54,38.94,2
lomas_de_garupa,2020,invierno,0.84,0.31,23.41,1
lomas_de_garupa,2020,otono,1.61,-0.84,26.17,3
lomas_de_garupa,2020,primavera,2.41,1.39,41.17,2
lomas_de_garupa,2020,verano,3.24,0.43,39.28,2
lomas_de_garupa,2021,invierno,1.14,1.31,23.54,1
lomas_de_garupa,2021,otono,0.18,0.14,34.7,2
lomas_de_garupa,2021,primavera,2.56,-0.29,35.42,3
lomas_de_garupa,2021,verano,2.36,0.55,44.88,1
lomas_de_garupa,2022,invierno,0.57,-1.12,21.1,2
lomas_de_garupa,2022,otono,1.23,0.09,26.82,3
lomas_de_garupa,2022,primavera,1.98,0.11,32.48,3
lomas_de_garupa,2022,verano,2.98,-0.32,43.48,2
lomas_de_garupa,2023,invierno,0.58,0.03,27.12,2
lomas_de_garupa,2023,otono,1.04,-0.57,29.31,3
lomas_de_garupa,2023,primavera,2.15,-0.73,34.41,3
lomas_de_garupa,2023,verano,0.95,-0.35,41.28,3
lomas_de_garupa,2024,invierno,0.62,-0.1,19.54,2
lomas_de_garupa,2024,otono,1.89,1.46,30.45,3
lomas_de_garupa,2024,primavera,1.8,-1.65,32.04,3
lomas_de_garupa,2024,verano,4.11,-0.58,40.7,2
lomas_de_garupa,2025,invierno,0.95,0.13,17.86,3
lomas_de_garupa,2025,otono,-0.26,-0.82,31.29,2
lomas_de_garupa,2025,primavera,1.24,-1.2,29.62,2
lomas_de_garupa,2025,verano,1.72,-0.89,39.97,3
lomas_de_garupa,2026,verano,2.89,-0.18,40.42,3
luis_piedrabuena,2018,invierno,0.46,0.2,22.31,1
luis_piedrabuena,2018,otono,0.93,-0.03,29.7,3
luis_piedrabuena,2018,primavera,2.12,-0.17,33.7,3
luis_piedrabuena,2018,verano,-0.67,-0.68,34.52,1
luis_piedrabuena,2019,invierno,0.75,0.0,22.47,2
luis_piedrabuena,2019,otono,1.42,-1.25,32.22,2
luis_piedrabuena,2019,primavera,3.4,-0.04,34.37,3
luis_piedrabuena,2019,verano,0.92,-2.04,36.36,2
luis_piedrabuena,2020,invierno,0.78,0.25,23.35,1
luis_piedrabuena,2020,otono,2.54,0.09,27.09,3
luis_piedrabuena,2020,primavera,0.55,-0.47,39.31,2
luis_piedrabuena,2020,verano,2.28,-0.53,38.32,2
luis_piedrabuena,2021,invierno,-0.1,0.25,19.12,2
luis_piedrabuena,2021,otono,-0.29,-0.2,30.79,3
luis_piedrabuena,2021,primavera,2.65,-0.2,35.51,3
luis_piedrabuena,2021,verano,1.16,-0.52,40.09,2
luis_piedrabuena,2022,invierno,1.6,-0.09,22.13,2
luis_piedrabuena,2022,otono,1.36,0.22,26.95,3
luis_piedrabuena,2022,primavera,0.58,-1.29,31.09,3
luis_piedrabuena,2022,verano,3.01,-0.29,43.52,2
luis_piedrabuena,2023,invierno,0.85,0.01,25.89,3
luis_piedrabuena,2023,otono,1.67,0.06,29.94,3
luis_piedrabuena,2023,primavera,2.81,-0.06,35.07,3
luis_piedrabuena,2023,verano,0.81,-0.48,41.15,3
luis_piedrabuena,2024,invierno,1.92,0.61,19.8,3
luis_piedrabuena,2024,otono,-0.65,-1.08,27.91,3
luis_piedrabuena,2024,primavera,3.75,0.29,33.98,3
luis_piedrabuena,2024,verano,4.59,-0.73,42.07,3
luis_piedrabuena,2025,invierno,0.51,-0.31,17.43,3
luis_piedrabuena,2025,otono,0.37,-0.42,28.54,3
luis_piedrabuena,2025,primavera,3.21,-0.01,33.59,3
luis_piedrabuena,2025,verano,1.88,-0.73,40.13,3
luis_piedrabuena,2026,otono,4.19,-0.26,37.56,1
luis_piedrabuena,2026,verano,2.61,-0.46,40.14,3
miguel_lanus,2018,invierno,0.48,0.22,22.33,1
miguel_lanus,2018,otono,0.9,-0.05,29.67,3
miguel_lanus,2018,primavera,2.13,-0.17,33.7,3
miguel_lanus,2018,verano,-1.02,-1.03,34.17,1
miguel_lanus,2019,invierno,1.27,0.54,23.0,2
miguel_lanus,2019,otono,1.76,-0.92,32.54,2
miguel_lanus,2019,primavera,3.42,-0.02,34.39,3
miguel_lanus,2019,verano,4.58,1.62,40.02,2
miguel_lanus,2020,invierno,0.35,-0.18,22.92,1
miguel_lanus,2020,otono,2.48,0.02,27.03,3
miguel_lanus,2020,primavera,0.4,-0.62,39.17,2
miguel_lanus,2020,verano,2.75,-0.05,38.8,2
miguel_lanus,2021,invierno,-0.6,-0.43,21.8,1
miguel_lanus,2021,otono,-0.08,-0.12,34.44,2
miguel_lanus,2021,primavera,2.48,-0.37,35.34,3
miguel_lanus,2021,verano,1.17,-0.51,40.1,2
miguel_lanus,2022,invierno,0.94,-0.76,21.46,2
miguel_lanus,2022,otono,0.1,-1.04,25.69,3
miguel_lanus,2022,primavera,2.26,0.4,32.77,3
miguel_lanus,2022,verano,2.94,-0.36,43.44,2
miguel_lanus,2023,invierno,0.86,0.02,25.9,3
miguel_lanus,2023,otono,1.33,-0.28,29.6,3
miguel_lanus,2023,primavera,3.66,0.78,35.92,3
miguel_lanus,2023,verano,0.46,-0.84,40.79,3
miguel_lanus,2024,invierno,-0.92,-1.64,18.0,2
miguel_lanus,2024,otono,-0.91,-1.35,27.64,3
miguel_lanus,2024,primavera,2.36,-1.1,32.59,3
miguel_lanus,2024,verano,4.61,-0.71,42.09,3
miguel_lanus,2025,invierno,1.84,1.02,18.76,3
miguel_lanus,2025,otono,1.47,0.68,29.64,3
miguel_lanus,2025,primavera,3.33,0.11,33.71,3
miguel_lanus,2025,verano,2.48,-0.13,40.73,3
miguel_lanus,2026,otono,6.24,1.79,39.61,1
miguel_lanus,2026,verano,2.87,-0.2,40.4,3
monsenor_kemerer,2018,invierno,0.45,0.19,22.3,1
monsenor_kemerer,2018,otono,0.25,-0.71,29.02,3
monsenor_kemerer,2018,primavera,3.19,0.89,34.76,3
monsenor_kemerer,2018,verano,0.34,0.33,35.53,1
monsenor_kemerer,2019,invierno,0.84,0.1,22.56,2
monsenor_kemerer,2019,otono,2.11,-0.57,32.9,2
monsenor_kemerer,2019,primavera,4.45,1.02,35.42,3
monsenor_kemerer,2019,verano,1.38,-1.57,36.84,2
monsenor_kemerer,2020,invierno,0.84,0.31,23.41,1
monsenor_kemerer,2020,otono,3.33,0.88,27.88,3
monsenor_kemerer,2020,primavera,1.05,0.03,39.81,2
monsenor_kemerer,2020,verano,3.06,0.25,39.1,2
monsenor_kemerer,2021,invierno,-0.23,0.12,18.99,2
monsenor_kemerer,2021,otono,-1.61,-1.52,29.47,3
monsenor_kemerer,2021,primavera,3.92,1.07,36.78,3
monsenor_kemerer,2021,verano,2.15,0.46,41.08,2
monsenor_kemerer,2022,invierno,2.37,0.68,22.9,2
monsenor_kemerer,2022,otono,1.53,0.39,27.12,3
monsenor_kemerer,2022,primavera,2.09,0.22,32.6,3
monsenor_kemerer,2022,verano,3.46,0.15,43.96,2
monsenor_kemerer,2023,invierno,1.39,0.55,26.43,3
monsenor_kemerer,2023,otono,1.96,0.36,30.23,3
monsenor_kemerer,2023,primavera,2.84,-0.04,35.1,3
monsenor_kemerer,2023,verano,2.0,0.71,42.33,3
monsenor_kemerer,2024,invierno,1.02,-0.29,18.89,3
monsenor_kemerer,2024,otono,-0.27,-0.71,28.28,3
monsenor_kemerer,2024,primavera,4.1,0.64,34.33,3
monsenor_kemerer,2024,verano,6.2,0.88,43.68,3
monsenor_kemerer,2025,invierno,0.82,0.0,17.74,3
monsenor_kemerer,2025,otono,0.88,0.09,29.05,3
monsenor_kemerer,2025,primavera,4.26,1.04,34.64,3
monsenor_kemerer,2025,verano,2.41,-0.2,40.66,3
monsenor_kemerer,2026,verano,3.24,0.17,40.78,3
nemesio_parma,2018,invierno,0.93,0.67,22.78,1
nemesio_parma,2018,otono,-0.46,-1.42,28.31,3
nemesio_parma,2018,primavera,-0.37,-2.67,31.2,3
nemesio_parma,2018,verano,-3.2,-3.21,31.99,1
nemesio_parma,2019,invierno,-0.62,-1.36,21.11,2
nemesio_parma,2019,otono,-1.03,-3.71,29.76,2
nemesio_parma,2019,primavera,0.49,-2.95,31.46,3
nemesio_parma,2019,verano,-4.85,-7.8,30.6,2
nemesio_parma,2020,invierno,0.61,0.08,23.18,1
nemesio_parma,2020,otono,2.19,-0.26,26.75,3
nemesio_parma,2020,primavera,-1.55,-2.57,37.21,2
nemesio_parma,2020,verano,-1.98,-4.8,34.06,2
nemesio_parma,2021,invierno,-0.52,-0.18,18.7,2
nemesio_parma,2021,otono,-1.14,-1.06,29.93,3
nemesio_parma,2021,primavera,-1.41,-4.27,31.44,3
nemesio_parma,2021,verano,-1.28,-2.96,37.64,2
nemesio_parma,2022,invierno,1.27,-0.43,21.8,2
nemesio_parma,2022,otono,-0.47,-1.61,25.12,3
nemesio_parma,2022,primavera,-2.09,-3.96,28.42,3
nemesio_parma,2022,verano,-0.2,-3.5,40.32,2
nemesio_parma,2023,invierno,0.17,-0.67,25.21,3
nemesio_parma,2023,otono,-0.78,-2.38,27.49,3
nemesio_parma,2023,primavera,-1.22,-4.1,31.04,3
nemesio_parma,2023,verano,-1.48,-2.77,38.85,3
nemesio_parma,2024,invierno,1.77,0.46,19.65,3
nemesio_parma,2024,otono,-1.79,-2.22,26.77,3
nemesio_parma,2024,primavera,-1.19,-4.64,29.05,3
nemesio_parma,2024,verano,-0.77,-6.09,36.71,3
nemesio_parma,2025,invierno,0.01,-0.81,16.92,3
nemesio_parma,2025,otono,-0.42,-1.21,27.75,3
nemesio_parma,2025,primavera,-1.4,-4.62,28.98,3
nemesio_parma,2025,verano,-2.04,-4.65,36.21,3
nemesio_parma,2026,otono,3.07,-1.38,36.44,1
nemesio_parma,2026,verano,-2.38,-5.44,35.16,3
norte,2018,invierno,-1.1,-1.36,20.75,1
norte,2018,otono,-0.75,-1.71,28.02,3
norte,2018,primavera,-0.74,-3.03,30.84,3
norte,2018,verano,0.18,0.17,35.37,1
norte,2019,invierno,-0.84,-1.59,20.88,2
norte,2019,otono,0.29,-2.39,31.08,2
norte,2019,primavera,-1.22,-4.65,29.75,3
norte,2019,verano,-0.95,-5.4,35.87,1
norte,2020,invierno,-0.66,-1.19,21.91,1
norte,2020,otono,-2.15,-4.61,22.4,3
norte,2020,primavera,-0.73,-1.75,38.03,2
norte,2020,verano,-0.77,-3.58,35.28,2
norte,2021,invierno,-0.25,-0.08,22.15,1
norte,2021,otono,-0.2,-0.24,34.32,2
norte,2021,primavera,-0.31,-3.17,32.54,3
norte,2021,verano,-1.17,-2.98,41.35,1
norte,2022,invierno,-0.99,-2.68,19.54,2
norte,2022,otono,-0.68,-1.82,24.91,3
norte,2022,primavera,-0.51,-2.37,30.0,3
norte,2022,verano,-0.54,-3.84,39.97,2
norte,2023,invierno,-2.44,-3.28,22.6,3
norte,2023,otono,-0.79,-2.4,27.47,3
norte,2023,primavera,-0.13,-3.01,32.13,3
norte,2023,verano,-0.78,-2.08,39.55,3
norte,2024,invierno,-0.8,-1.52,18.12,2
norte,2024,otono,0.26,-0.17,28.82,3
norte,2024,primavera,-0.55,-4.01,29.69,3
norte,2024,verano,0.53,-4.16,37.12,2
norte,2025,invierno,-1.1,-1.92,15.82,3
norte,2025,otono,-0.99,-1.55,30.56,2
norte,2025,primavera,-0.18,-2.62,28.2,2
norte,2025,verano,-1.58,-4.19,36.67,3
norte,2026,verano,-0.74,-3.8,36.8,3
nu_pora,2018,invierno,-0.05,-0.31,21.8,1
nu_pora,2018,otono,0.47,-0.48,29.24,3
nu_pora,2018,primavera,0.29,-2.0,31.87,3
nu_pora,2018,verano,-1.55,-1.56,33.64,1
nu_pora,2019,invierno,0.58,-0.15,22.31,2
nu_pora,2019,otono,1.76,-0.92,32.54,2
nu_pora,2019,primavera,1.57,-1.87,32.54,3
nu_pora,2019,verano,3.66,0.7,39.11,2
nu_pora,2020,invierno,-0.03,-0.56,22.54,1
nu_pora,2020,otono,1.72,-0.73,26.28,3
nu_pora,2020,primavera,1.46,0.44,40.22,2
nu_pora,2020,verano,2.25,-0.55,38.3,2
nu_pora,2021,invierno,0.65,0.82,23.05,1
nu_pora,2021,otono,-0.26,-0.3,34.26,2
nu_pora,2021,primavera,2.41,-0.45,35.26,3
nu_pora,2021,verano,0.74,-0.94,39.67,2
nu_pora,2022,invierno,0.25,-1.44,20.78,2
nu_pora,2022,otono,0.81,-0.33,26.4,3
nu_pora,2022,primavera,2.04,0.18,32.55,3
nu_pora,2022,verano,2.51,-0.79,43.02,2
nu_pora,2023,invierno,0.62,0.07,27.15,2
nu_pora,2023,otono,1.33,-0.27,29.6,3
nu_pora,2023,primavera,2.82,-0.06,35.08,3
nu_pora,2023,verano,-0.31,-1.6,40.03,3
nu_pora,2024,invierno,-0.43,-1.15,18.49,2
nu_pora,2024,otono,1.55,1.12,30.11,3
nu_pora,2024,primavera,2.4,-1.06,32.63,3
nu_pora,2024,verano,3.61,-1.08,40.2,2
nu_pora,2025,invierno,1.27,0.46,18.19,3
nu_pora,2025,otono,-0.68,-1.25,30.87,2
nu_pora,2025,primavera,1.96,-0.48,30.35,2
nu_pora,2025,verano,2.33,-0.28,40.58,3
nu_pora,2026,verano,3.17,0.11,40.71,3
posadas_completa,2018,invierno,0.49,0.23,22.34,1
posadas_completa,2018,otono,0.57,-0.39,29.33,3
posadas_completa,2018,primavera,1.83,-0.46,33.41,3
posadas_completa,2018,verano,-0.61,-0.62,34.58,1
posadas_completa,2019,invierno,0.58,-0.16,22.3,2
posadas_completa,2019,otono,2.11,-0.57,32.9,2
posadas_completa,2019,primavera,3.25,-0.18,34.22,3
posadas_completa,2019,verano,1.78,-1.18,37.23,2
posadas_completa,2020,invierno,0.63,0.1,23.2,1
posadas_completa,2020,otono,2.75,0.3,27.31,3
posadas_completa,2020,primavera,0.63,-0.39,39.39,2
posadas_completa,2020,verano,2.0,-0.81,38.04,2
posadas_completa,2021,invierno,-0.5,-0.15,18.73,2
posadas_completa,2021,otono,-0.46,-0.37,30.62,3
posadas_completa,2021,primavera,2.11,-0.75,34.96,3
posadas_completa,2021,verano,1.34,-0.34,40.27,2
posadas_completa,2022,invierno,1.94,0.25,22.47,2
posadas_completa,2022,otono,0.92,-0.22,26.51,3
posadas_completa,2022,primavera,0.98,-0.89,31.49,3
posadas_completa,2022,verano,3.19,-0.11,43.7,2
posadas_completa,2023,invierno,0.85,0.01,25.89,3
posadas_completa,2023,otono,1.35,-0.26,29.62,3
posadas_completa,2023,primavera,2.09,-0.79,34.35,3
posadas_completa,2023,verano,1.11,-0.18,41.45,3
posadas_completa,2024,invierno,1.41,0.1,19.28,3
posadas_completa,2024,otono,-0.16,-0.6,28.39,3
posadas_completa,2024,primavera,3.09,-0.37,33.32,3
posadas_completa,2024,verano,4.24,-1.08,41.73,3
posadas_completa,2025,invierno,0.63,-0.19,17.54,3
posadas_completa,2025,otono,0.6,-0.19,28.77,3
posadas_completa,2025,primavera,2.34,-0.88,32.72,3
posadas_completa,2025,verano,2.01,-0.6,40.26,3
posadas_completa,2026,otono,4.27,-0.18,37.64,1
posadas_completa,2026,verano,2.36,-0.7,39.9,3
rocamora,2018,invierno,-0.14,-0.4,21.71,1
rocamora,2018,otono,1.85,0.89,30.62,3
rocamora,2018,primavera,3.73,1.43,35.3,3
rocamora,2018,verano,1.84,1.83,37.03,1
rocamora,2019,invierno,0.66,-0.09,22.38,2
rocamora,2019,otono,5.74,3.06,36.53,2
rocamora,2019,primavera,5.19,1.75,36.16,3
rocamora,2019,verano,5.41,2.46,40.86,2
rocamora,2020,invierno,0.64,0.11,23.21,1
rocamora,2020,otono,3.03,0.57,27.58,3
rocamora,2020,primavera,1.78,0.76,40.54,2
rocamora,2020,verano,4.53,1.72,40.56,2
rocamora,2021,invierno,-0.34,0.01,18.88,2
rocamora,2021,otono,0.71,0.8,31.79,3
rocamora,2021,primavera,4.39,1.53,37.24,3
rocamora,2021,verano,2.72,1.03,41.64,2
rocamora,2022,invierno,2.38,0.68,22.9,2
rocamora,2022,otono,1.72,0.58,27.3,3
rocamora,2022,primavera,3.12,1.26,33.63,3
rocamora,2022,verano,4.55,1.25,45.06,2
rocamora,2023,invierno,1.0,0.16,26.04,3
rocamora,2023,otono,2.22,0.62,30.49,3
rocamora,2023,primavera,4.62,1.75,36.88,3
rocamora,2023,verano,2.56,1.26,42.89,3
rocamora,2024,invierno,0.88,0.16,19.8,2
rocamora,2024,otono,1.33,0.9,29.89,3
rocamora,2024,primavera,5.39,1.93,35.63,3
rocamora,2024,verano,7.56,2.24,45.04,3
rocamora,2025,invierno,0.78,-0.04,17.69,3
rocamora,2025,otono,0.91,0.12,29.08,3
rocamora,2025,primavera,4.92,1.69,35.29,3
rocamora,2025,verano,4.29,1.68,42.54,3
rocamora,2026,otono,2.68,-1.77,36.05,1
rocamora,2026,verano,4.8,1.74,42.34,3
san_isidro,2018,invierno,0.62,0.36,22.47,1
san_isidro,2018,otono,2.15,1.19,30.91,3
san_isidro,2018,primavera,3.74,1.44,35.31,3
san_isidro,2018,verano,1.08,1.07,36.27,1
san_isidro,2019,invierno,1.36,0.62,23.08,2
san_isidro,2019,otono,3.34,0.66,34.12,2
san_isidro,2019,primavera,5.17,1.73,36.14,3
san_isidro,2019,verano,4.92,1.96,40.36,2
san_isidro,2020,invierno,1.13,0.6,23.7,1
san_isidro,2020,otono,4.18,1.73,28.74,3
san_isidro,2020,primavera,2.23,1.21,40.99,2
san_isidro,2020,verano,4.4,1.6,40.44,2
san_isidro,2021,invierno,-0.15,0.2,19.08,2
san_isidro,2021,otono,0.77,0.86,31.85,3
san_isidro,2021,primavera,4.11,1.25,36.96,3
san_isidro,2021,verano,3.66,1.98,42.58,2
san_isidro,2022,invierno,2.5,0.81,23.03,2
san_isidro,2022,otono,2.35,1.21,27.94,3
san_isidro,2022,primavera,2.32,0.45,32.82,3
san_isidro,2022,verano,5.41,2.12,45.92,2
san_isidro,2023,invierno,2.02,1.18,27.06,3
san_isidro,2023,otono,3.49,1.89,31.76,3
san_isidro,2023,primavera,4.63,1.75,36.89,3
san_isidro,2023,verano,3.44,2.15,43.77,3
san_isidro,2024,invierno,3.14,1.83,21.02,3
san_isidro,2024,otono,1.29,0.86,29.85,3
san_isidro,2024,primavera,6.89,3.44,37.13,3
san_isidro,2024,verano,7.49,2.17,44.98,3
san_isidro,2025,invierno,1.95,1.13,18.86,3
san_isidro,2025,otono,2.22,1.43,30.39,3
san_isidro,2025,primavera,4.21,0.98,34.58,3
san_isidro,2025,verano,4.8,2.19,43.05,3
san_isidro,2026,otono,9.07,4.62,42.44,1
san_isidro,2026,verano,5.89,2.83,43.43,3
san_lucas,2018,invierno,0.04,-0.22,21.89,1
san_lucas,2018,otono,1.03,0.08,29.8,3
san_lucas,2018,primavera,1.44,-0.86,33.01,3
san_lucas,2018,verano,-0.85,-0.86,34.34,1
san_lucas,2019,invierno,0.4,-0.34,22.13,2
san_lucas,2019,otono,1.4,-1.28,32.19,2
san_lucas,2019,primavera,3.39,-0.05,34.36,3
san_lucas,2019,verano,1.92,-1.04,37.36,2
san_lucas,2020,invierno,0.06,-0.47,22.63,1
san_lucas,2020,otono,2.21,-0.25,26.76,3
san_lucas,2020,primavera,0.48,-0.53,39.25,2
san_lucas,2020,verano,2.19,-0.61,38.24,2
san_lucas,2021,invierno,-0.92,-0.58,18.29,2
san_lucas,2021,otono,-0.32,-0.23,30.76,3
san_lucas,2021,primavera,1.99,-0.87,34.84,3
san_lucas,2021,verano,1.5,-0.18,40.42,2
san_lucas,2022,invierno,1.46,-0.23,21.99,2
san_lucas,2022,otono,1.02,-0.12,26.61,3
san_lucas,2022,primavera,0.91,-0.96,31.41,3
san_lucas,2022,verano,3.57,0.26,44.08,2
san_lucas,2023,invierno,0.41,-0.43,25.45,3
san_lucas,2023,otono,1.14,-0.47,29.41,3
san_lucas,2023,primavera,2.59,-0.29,34.85,3
san_lucas,2023,verano,0.65,-0.65,40.98,3
san_lucas,2024,invierno,1.9,0.59,19.77,3
san_lucas,2024,otono,0.58,0.15,29.14,3
san_lucas,2024,primavera,3.89,0.44,34.13,3
san_lucas,2024,verano,4.82,-0.49,42.31,3
san_lucas,2025,invierno,0.16,-0.66,17.07,3
san_lucas,2025,otono,0.31,-0.48,28.48,3
san_lucas,2025,primavera,3.04,-0.18,33.42,3
san_lucas,2025,verano,2.38,-0.23,40.63,3
san_lucas,2026,otono,6.53,2.08,39.9,1
san_lucas,2026,verano,2.91,-0.16,40.44,3
san_marcos,2018,invierno,-2.19,-2.45,19.66,1
san_marcos,2018,otono,0.1,-0.86,28.87,3
san_marcos,2018,primavera,0.6,-1.7,32.17,3
san_marcos,2018,verano,-1.83,-1.84,33.36,1
san_marcos,2019,invierno,-0.24,-0.98,21.48,2
san_marcos,2019,otono,0.82,-1.86,31.62,2
san_marcos,2019,primavera,2.5,-0.94,33.47,3
san_marcos,2019,verano,1.15,-1.8,36.61,2
san_marcos,2020,invierno,-0.8,-1.33,21.77,1
san_marcos,2020,otono,1.25,-1.2,25.8,3
san_marcos,2020,primavera,-0.26,-1.27,38.5,2
san_marcos,2020,verano,1.28,-1.52,37.33,2
san_marcos,2021,invierno,-1.64,-1.3,17.58,2
san_marcos,2021,otono,-1.12,-1.03,29.96,3
san_marcos,2021,primavera,1.41,-1.45,34.26,3
san_marcos,2021,verano,0.54,-1.15,39.46,2
san_marcos,2022,invierno,0.76,-0.94,21.28,2
san_marcos,2022,otono,0.28,-0.86,25.87,3
san_marcos,2022,primavera,0.66,-1.2,31.17,3
san_marcos,2022,verano,2.86,-0.45,43.36,2
san_marcos,2023,invierno,-0.47,-1.31,24.57,3
san_marcos,2023,otono,0.19,-1.42,28.45,3
san_marcos,2023,primavera,1.69,-1.19,33.95,3
san_marcos,2023,verano,-0.2,-1.49,40.13,3
san_marcos,2024,invierno,1.08,-0.22,18.96,3
san_marcos,2024,otono,0.34,-0.09,28.9,3
san_marcos,2024,primavera,2.86,-0.59,33.1,3
san_marcos,2024,verano,4.07,-1.25,41.55,3
san_marcos,2025,invierno,-0.59,-1.41,16.33,3
san_marcos,2025,otono,-0.69,-1.48,27.48,3
san_marcos,2025,primavera,1.96,-1.27,32.33,3
san_marcos,2025,verano,1.55,-1.06,39.8,3
san_marcos,2026,otono,5.45,1.0,38.82,1
san_marcos,2026,verano,1.84,-1.23,39.37,3
san_martin,2018,invierno,0.05,-0.21,21.9,1
san_martin,2018,otono,1.58,0.62,30.34,3
san_martin,2018,primavera,3.02,0.72,34.59,3
san_martin,2018,verano,1.19,1.18,36.38,1
san_martin,2019,invierno,0.76,0.03,22.49,2
san_martin,2019,otono,4.53,1.84,35.32,2
san_martin,2019,primavera,4.82,1.38,35.79,3
san_martin,2019,verano,6.76,3.8,42.21,2
san_martin,2020,invierno,0.56,0.03,23.13,1
san_martin,2020,otono,2.96,0.5,27.51,3
san_martin,2020,primavera,1.25,0.24,40.02,2
san_martin,2020,verano,3.78,0.96,39.82,2
san_martin,2021,invierno,-0.43,-0.08,18.8,2
san_martin,2021,otono,0.19,0.28,31.27,3
san_martin,2021,primavera,3.96,1.1,36.81,3
san_martin,2021,verano,2.19,0.5,41.11,2
san_martin,2022,invierno,2.28,0.59,22.81,2
san_martin,2022,otono,1.14,0.0,26.73,3
san_martin,2022,primavera,2.42,0.55,32.93,3
san_martin,2022,verano,3.88,0.58,44.4,2
san_martin,2023,invierno,1.02,0.18,26.06,3
san_martin,2023,otono,1.86,0.26,30.13,3
san_martin,2023,primavera,4.0,1.12,36.26,3
san_martin,2023,verano,1.95,0.66,42.29,3
san_martin,2024,invierno,1.77,0.46,19.64,3
san_martin,2024,otono,1.06,0.63,29.62,3
san_martin,2024,primavera,4.98,1.52,35.22,3
san_martin,2024,verano,6.82,1.5,44.3,3
san_martin,2025,invierno,0.41,-0.41,17.32,3
san_martin,2025,otono,0.82,0.03,28.99,3
san_martin,2025,primavera,4.89,1.66,35.26,3
san_martin,2025,verano,3.59,0.98,41.84,3
san_martin,2026,otono,0.71,-3.74,34.08,1
san_martin,2026,verano,4.72,1.66,42.26,3
santa_helena,2018,invierno,0.02,-0.24,21.87,1
santa_helena,2018,otono,1.66,0.7,30.42,3
santa_helena,2018,primavera,2.16,-0.13,33.74,3
santa_helena,2018,verano,-0.38,-0.39,34.81,1
santa_helena,2019,invierno,1.86,1.12,23.58,2
santa_helena,2019,otono,3.4,0.72,34.2,2
santa_helena,2019,primavera,3.17,-0.27,34.14,3
santa_helena,2019,verano,4.44,1.48,39.89,2
santa_helena,2020,invierno,0.74,0.21,23.31,1
santa_helena,2020,otono,3.09,0.63,27.64,3
santa_helena,2020,primavera,2.12,1.1,40.88,2
santa_helena,2020,verano,3.26,0.46,39.31,2
santa_helena,2021,invierno,0.67,0.84,23.07,1
santa_helena,2021,otono,0.67,0.62,35.19,2
santa_helena,2021,primavera,3.36,0.5,36.21,3
santa_helena,2021,verano,2.06,0.38,40.98,2
santa_helena,2022,invierno,0.64,-1.05,21.17,2
santa_helena,2022,otono,1.05,-0.09,26.64,3
santa_helena,2022,primavera,3.09,1.22,33.59,3
santa_helena,2022,verano,3.74,0.44,44.26,2
santa_helena,2023,invierno,1.89,1.34,28.42,2
santa_helena,2023,otono,2.55,0.94,30.82,3
santa_helena,2023,primavera,3.59,0.71,35.85,3
santa_helena,2023,verano,1.51,0.22,41.85,3
santa_helena,2024,invierno,-0.8,-1.52,18.11,2
santa_helena,2024,otono,1.02,0.58,29.57,3
santa_helena,2024,primavera,3.47,0.02,33.71,3
santa_helena,2024,verano,5.34,0.64,41.93,2
santa_helena,2025,invierno,2.3,1.48,19.21,3
santa_helena,2025,otono,2.21,1.42,30.38,3
santa_helena,2025,primavera,3.39,0.16,33.76,3
santa_helena,2025,verano,3.35,0.74,41.6,3
santa_helena,2026,verano,3.84,0.78,41.38,3
santa_rita,2018,invierno,0.2,-0.06,22.05,1
santa_rita,2018,otono,0.95,-0.01,29.71,3
santa_rita,2018,primavera,3.63,1.34,35.21,3
santa_rita,2018,verano,0.61,0.6,35.8,1
santa_rita,2019,invierno,0.84,0.1,22.56,2
santa_rita,2019,otono,3.49,0.81,34.28,2
santa_rita,2019,primavera,4.73,1.29,35.7,3
santa_rita,2019,verano,6.12,3.16,41.56,2
santa_rita,2020,invierno,0.63,0.1,23.2,1
santa_rita,2020,otono,3.4,0.95,27.96,3
santa_rita,2020,primavera,1.52,0.5,40.28,2
santa_rita,2020,verano,3.42,0.62,39.47,2
santa_rita,2021,invierno,-0.74,-0.39,18.48,2
santa_rita,2021,otono,-0.41,-0.32,30.67,3
santa_rita,2021,primavera,3.34,0.49,36.2,3
santa_rita,2021,verano,2.26,0.58,41.19,2
santa_rita,2022,invierno,1.88,0.19,22.41,2
santa_rita,2022,otono,1.51,0.36,27.09,3
santa_rita,2022,primavera,2.23,0.36,32.74,3
santa_rita,2022,verano,4.2,0.9,44.7,2
santa_rita,2023,invierno,0.91,0.07,25.95,3
santa_rita,2023,otono,1.44,-0.17,29.71,3
santa_rita,2023,primavera,3.52,0.64,35.78,3
santa_rita,2023,verano,2.42,1.13,42.76,3
santa_rita,2024,invierno,0.98,-0.33,18.85,3
santa_rita,2024,otono,0.56,0.13,29.12,3
santa_rita,2024,primavera,3.99,0.53,34.23,3
santa_rita,2024,verano,6.12,0.8,43.6,3
santa_rita,2025,invierno,0.24,-0.58,17.15,3
santa_rita,2025,otono,0.34,-0.45,28.51,3
santa_rita,2025,primavera,4.34,1.12,34.72,3
santa_rita,2025,verano,2.94,0.33,41.19,3
santa_rita,2026,otono,-0.95,-5.4,32.42,1
santa_rita,2026,verano,3.92,0.85,41.46,3
villa_bonita,2018,invierno,0.17,-0.09,22.02,1
villa_bonita,2018,otono,1.47,0.51,30.23,3
villa_bonita,2018,primavera,1.97,-0.33,33.54,3
villa_bonita,2018,verano,-0.31,-0.32,34.88,1
villa_bonita,2019,invierno,1.2,0.46,22.92,2
villa_bonita,2019,otono,3.04,0.36,33.83,2
villa_bonita,2019,primavera,2.64,-0.79,33.61,3
villa_bonita,2019,verano,4.99,2.04,40.44,2
villa_bonita,2020,invierno,0.3,-0.23,22.87,1
villa_bonita,2020,otono,2.25,-0.21,26.8,3
villa_bonita,2020,primavera,2.1,1.08,40.86,2
villa_bonita,2020,verano,3.07,0.26,39.11,2
villa_bonita,2021,invierno,0.77,0.94,23.17,1
villa_bonita,2021,otono,0.31,0.26,34.83,2
villa_bonita,2021,primavera,2.75,-0.1,35.61,3
villa_bonita,2021,verano,1.8,0.12,40.73,2
villa_bonita,2022,invierno,0.59,-1.1,21.12,2
villa_bonita,2022,otono,0.89,-0.25,26.47,3
villa_bonita,2022,primavera,2.87,1.01,33.38,3
villa_bonita,2022,verano,3.42,0.12,43.93,2
villa_bonita,2023,invierno,1.37,0.82,27.9,2
villa_bonita,2023,otono,1.97,0.37,30.24,3
villa_bonita,2023,primavera,3.26,0.38,35.52,3
villa_bonita,2023,verano,0.93,-0.36,41.26,3
villa_bonita,2024,invierno,-0.48,-1.19,18.44,2
villa_bonita,2024,otono,1.77,1.34,30.33,3
villa_bonita,2024,primavera,2.77,-0.69,33.01,3
villa_bonita,2024,verano,4.47,-0.22,41.06,2
villa_bonita,2025,invierno,1.65,0.83,18.57,3
villa_bonita,2025,otono,-0.4,-0.96,31.16,2
villa_bonita,2025,primavera,1.19,-0.5,27.71,1
villa_bonita,2025,verano,2.72,0.11,40.97,3
villa_bonita,2026,verano,3.45,0.38,40.99,3
villa_cabello,2018,invierno,0.25,-0.01,22.1,1
villa_cabello,2018,otono,0.28,-0.68,29.04,3
villa_cabello,2018,primavera,2.42,0.12,33.99,3
villa_cabello,2018,verano,-0.15,-0.16,35.04,1
villa_cabello,2019,invierno,0.59,-0.15,22.32,2
villa_cabello,2019,otono,1.6,-1.08,32.39,2
villa_cabello,2019,primavera,3.58,0.14,34.55,3
villa_cabello,2019,verano,1.82,-1.14,37.26,2
villa_cabello,2020,invierno,0.49,-0.04,23.06,1
villa_cabello,2020,otono,3.29,0.84,27.85,3
villa_cabello,2020,primavera,0.19,-0.84,38.94,2
villa_cabello,2020,verano,2.17,-0.63,38.22,2
villa_cabello,2021,invierno,-0.16,0.18,19.06,2
villa_cabello,2021,otono,-1.08,-0.99,30.0,3
villa_cabello,2021,primavera,2.91,0.05,35.76,3
villa_cabello,2021,verano,1.23,-0.46,40.16,2
villa_cabello,2022,invierno,2.13,0.44,22.66,2
villa_cabello,2022,otono,1.15,0.01,26.74,3
villa_cabello,2022,primavera,0.95,-0.92,31.46,3
villa_cabello,2022,verano,2.82,-0.49,43.32,2
villa_cabello,2023,invierno,1.02,0.17,26.05,3
villa_cabello,2023,otono,1.52,-0.08,29.79,3
villa_cabello,2023,primavera,2.38,-0.5,34.64,3
villa_cabello,2023,verano,1.42,0.13,41.75,3
villa_cabello,2024,invierno,0.28,-1.03,18.15,3
villa_cabello,2024,otono,0.01,-0.42,28.57,3
villa_cabello,2024,primavera,2.91,-0.55,33.15,3
villa_cabello,2024,verano,4.73,-0.59,42.21,3
villa_cabello,2025,invierno,0.76,-0.06,17.68,3
villa_cabello,2025,otono,0.59,-0.2,28.76,3
villa_cabello,2025,primavera,3.36,0.14,33.74,3
villa_cabello,2025,verano,1.75,-0.86,40.0,3
villa_cabello,2026,otono,0.07,-4.38,33.44,1
villa_cabello,2026,verano,1.84,-1.22,39.38,3
villa_mola,2018,invierno,1.06,0.8,22.91,1
villa_mola,2018,otono,1.81,0.85,30.57,3
villa_mola,2018,primavera,3.14,0.84,34.71,3
villa_mola,2018,verano,2.05,2.04,37.24,1
villa_mola,2019,invierno,1.37,0.62,23.09,2
villa_mola,2019,otono,5.86,3.18,36.66,2
villa_mola,2019,primavera,4.7,1.26,35.67,3
villa_mola,2019,verano,2.91,-0.05,38.36,2
villa_mola,2020,invierno,1.06,0.53,23.63,1
villa_mola,2020,otono,4.41,1.96,28.97,3
villa_mola,2020,primavera,1.34,0.32,40.11,2
villa_mola,2020,verano,4.58,1.77,40.62,2
villa_mola,2021,invierno,1.24,1.59,20.46,2
villa_mola,2021,otono,1.4,1.49,32.48,3
villa_mola,2021,primavera,3.6,0.74,36.45,3
villa_mola,2021,verano,2.61,0.92,41.54,2
villa_mola,2022,invierno,4.17,2.48,24.7,2
villa_mola,2022,otono,1.88,0.74,27.47,3
villa_mola,2022,primavera,2.87,1.0,33.37,3
villa_mola,2022,verano,4.86,1.56,45.37,2
villa_mola,2023,invierno,1.51,0.67,26.55,3
villa_mola,2023,otono,2.98,1.37,31.25,3
villa_mola,2023,primavera,3.4,0.52,35.66,3
villa_mola,2023,verano,2.57,1.27,42.9,3
villa_mola,2024,invierno,1.46,0.74,20.38,2
villa_mola,2024,otono,0.31,-0.12,28.87,3
villa_mola,2024,primavera,3.96,0.5,34.2,3
villa_mola,2024,verano,6.92,1.6,44.4,3
villa_mola,2025,invierno,1.75,0.94,18.67,3
villa_mola,2025,otono,2.01,1.22,30.18,3
villa_mola,2025,primavera,4.35,1.13,34.73,3
villa_mola,2025,verano,3.41,0.8,41.66,3
villa_mola,2026,otono,-0.34,-4.79,33.03,1
villa_mola,2026,verano,3.92,0.86,41.46,3
villa_sarita,2018,invierno,-0.74,-1.0,21.11,1
villa_sarita,2018,otono,-0.23,-1.19,28.54,3
villa_sarita,2018,primavera,3.02,0.73,34.6,3
villa_sarita,2018,verano,0.05,0.04,35.24,1
villa_sarita,2019,invierno,-0.15,-0.88,21.58,2
villa_sarita,2019,otono,3.4,0.72,34.2,2
villa_sarita,2019,primavera,3.63,0.2,34.6,3
villa_sarita,2019,verano,4.06,1.1,39.51,2
villa_sarita,2020,invierno,-0.13,-0.66,22.44,1
villa_sarita,2020,otono,2.79,0.34,27.34,3
villa_sarita,2020,primavera,0.48,-0.54,39.24,2
villa_sarita,2020,verano,3.71,0.9,39.75,2
villa_sarita,2021,invierno,-1.07,-0.72,18.15,2
villa_sarita,2021,otono,-0.11,-0.02,30.97,3
villa_sarita,2021,primavera,3.7,0.84,36.55,3
villa_sarita,2021,verano,1.46,-0.23,40.38,2
villa_sarita,2022,invierno,1.62,-0.08,22.14,2
villa_sarita,2022,otono,1.14,0.0,26.73,3
villa_sarita,2022,primavera,1.9,0.03,32.41,3
villa_sarita,2022,verano,3.46,0.16,43.96,2
villa_sarita,2023,invierno,0.35,-0.5,25.38,3
villa_sarita,2023,otono,1.58,-0.02,29.85,3
villa_sarita,2023,primavera,1.57,-1.3,33.83,3
villa_sarita,2023,verano,1.12,-0.17,41.45,3
villa_sarita,2024,invierno,-1.25,-1.98,17.66,2
villa_sarita,2024,otono,-1.43,-1.86,27.13,3
villa_sarita,2024,primavera,4.21,0.75,34.44,3
villa_sarita,2024,verano,6.4,1.08,43.88,3
villa_sarita,2025,invierno,0.11,-0.71,17.02,3
villa_sarita,2025,otono,0.35,-0.44,28.52,3
villa_sarita,2025,primavera,3.02,-0.21,33.39,3
villa_sarita,2025,verano,3.13,0.52,41.38,3
villa_sarita,2026,otono,5.42,0.97,38.79,1
villa_sarita,2026,verano,3.5,0.43,41.03,3
villa_urquiza,2018,invierno,0.56,0.3,22.41,1
villa_urquiza,2018,otono,1.65,0.69,30.41,3
villa_urquiza,2018,primavera,4.54,2.25,36.12,3
villa_urquiza,2018,verano,2.02,2.01,37.21,1
villa_urquiza,2019,invierno,1.04,0.3,22.76,2
villa_urquiza,2019,otono,3.07,0.39,33.86,2
villa_urquiza,2019,primavera,5.64,2.2,36.61,3
villa_urquiza,2019,verano,4.78,1.83,40.24,2
villa_urquiza,2020,invierno,1.14,0.61,23.71,1
villa_urquiza,2020,otono,3.57,1.12,28.13,3
villa_urquiza,2020,primavera,1.88,0.86,40.64,2
villa_urquiza,2020,verano,4.88,2.08,40.93,2
villa_urquiza,2021,invierno,0.26,0.6,19.48,2
villa_urquiza,2021,otono,1.16,1.25,32.24,3
villa_urquiza,2021,primavera,4.71,1.86,37.57,3
villa_urquiza,2021,verano,2.82,1.13,41.74,2
villa_urquiza,2022,invierno,3.01,1.32,23.54,2
villa_urquiza,2022,otono,2.14,1.0,27.73,3
villa_urquiza,2022,primavera,3.28,1.41,33.78,3
villa_urquiza,2022,verano,4.84,1.54,45.35,2
villa_urquiza,2023,invierno,1.2,0.36,26.24,3
villa_urquiza,2023,otono,2.47,0.87,30.74,3
villa_urquiza,2023,primavera,4.63,1.75,36.89,3
villa_urquiza,2023,verano,2.78,1.49,43.11,3
villa_urquiza,2024,invierno,1.42,0.7,20.34,2
villa_urquiza,2024,otono,1.27,0.84,29.83,3
villa_urquiza,2024,primavera,4.97,1.52,35.21,3
villa_urquiza,2024,verano,7.56,2.24,45.05,3
villa_urquiza,2025,invierno,0.92,0.1,17.83,3
villa_urquiza,2025,otono,1.3,0.51,29.47,3
villa_urquiza,2025,primavera,5.21,1.98,35.58,3
villa_urquiza,2025,verano,4.46,1.85,42.71,3
villa_urquiza,2026,otono,7.6,3.15,40.97,1
villa_urquiza,2026,verano,4.5,1.44,42.04,3
yacyreta,2018,invierno,0.21,-0.05,22.06,1
yacyreta,2018,otono,1.6,0.64,30.37,3
yacyreta,2018,primavera,2.88,0.58,34.45,3
yacyreta,2018,verano,0.92,0.91,36.11,1
yacyreta,2019,invierno,0.79,0.05,22.52,2
yacyreta,2019,otono,3.34,0.66,34.14,2
yacyreta,2019,primavera,4.61,1.17,35.58,3
yacyreta,2019,verano,5.48,2.53,40.93,2
yacyreta,2020,invierno,0.53,0.0,23.1,1
yacyreta,2020,otono,2.91,0.46,27.46,3
yacyreta,2020,primavera,1.29,0.27,40.05,2
yacyreta,2020,verano,3.58,0.78,39.62,2
yacyreta,2021,invierno,-0.68,-0.33,18.55,2
yacyreta,2021,otono,0.1,0.19,31.18,3
yacyreta,2021,primavera,4.07,1.21,36.92,3
yacyreta,2021,verano,2.26,0.57,41.18,2
yacyreta,2022,invierno,2.48,0.79,23.01,2
yacyreta,2022,otono,1.34,0.2,26.93,3
yacyreta,2022,primavera,2.57,0.7,33.08,3
yacyreta,2022,verano,4.1,0.8,44.6,2
yacyreta,2023,invierno,1.33,0.49,26.37,3
yacyreta,2023,otono,2.05,0.45,30.32,3
yacyreta,2023,primavera,4.1,1.22,36.36,3
yacyreta,2023,verano,2.38,1.09,42.71,3
yacyreta,2024,invierno,2.05,0.74,19.92,3
yacyreta,2024,otono,1.01,0.58,29.57,3
yacyreta,2024,primavera,4.98,1.52,35.21,3
yacyreta,2024,verano,6.79,1.47,44.27,3
yacyreta,2025,invierno,0.47,-0.35,17.38,3
yacyreta,2025,otono,0.79,0.0,28.96,3
yacyreta,2025,primavera,4.6,1.38,34.98,3
yacyreta,2025,verano,3.4,0.79,41.65,3
yacyreta,2026,otono,-1.88,-6.33,31.49,1
yacyreta,2026,verano,4.48,1.42,42.02,3
